datetime,location,address,timestamp,latitude,longitude,accuracy,magNorth,trueNorth,gpsHeading,illuminance,battery
2015-07-21 11:40:00,CAMBRIDGE STREET,1653 Cambridge St,1437493200,42.37495926,-71.1100679,4,241.711303710938,208.439605712891,115.762049318439,4000,99
2015-07-21 11:40:00,CAMBRIDGE STREET,1653 Cambridge St,1437493200,42.37495926,-71.1100679,4,232.468322753906,199.196640014648,115.762049318439,4000,99
2015-07-21 11:40:05,CAMBRIDGE STREET,1653 Cambridge St,1437493205,42.3749059438705,-71.109990477562,4,182.940948486328,149.669250488281,18.7907254961777,4000,99
2015-07-21 11:40:09,CAMBRIDGE STREET,1642 Cambridge St,1437493209,42.3749166727066,-71.1099046468735,4,115.296089172363,82.0243988037109,3.43382242518783,4000,99
2015-07-21 11:40:09,CAMBRIDGE STREET,1642 Cambridge St,1437493209,42.3749166727066,-71.1099046468735,4,115.296089172363,82.0243988037109,3.43382242518783,4000,99
2015-07-21 11:40:10,CAMBRIDGE STREET,1642 Cambridge St,1437493210,42.3749166727066,-71.1099046468735,4,118.025291442871,84.7536010742188,3.43382242518783,4000,99
2015-07-21 11:40:14,CAMBRIDGE STREET,1638 Cambridge St,1437493214,42.3749005794525,-71.1097812652588,4,108.118507385254,74.8468170166016,282.251245321895,4000,99
2015-07-21 11:40:14,CAMBRIDGE STREET,1638 Cambridge St,1437493214,42.3749005794525,-71.1097812652588,4,108.118507385254,74.8468170166016,282.251245321895,4000,99
2015-07-21 11:40:15,CAMBRIDGE STREET,1638 Cambridge St,1437493215,42.3749005794525,-71.1097812652588,4,112.835113525391,79.5634231567383,282.251245321895,4000,99
2015-07-21 11:40:20,CAMBRIDGE STREET,1638 Cambridge St,1437493220,42.3748737573624,-71.1097007989883,3,127.894798278809,94.6231079101563,240.279471217937,4000,99
2015-07-21 11:40:25,CAMBRIDGE STREET,1638 Cambridge St,1437493225,42.3748308420181,-71.1095827817917,4,129.356170654297,96.08447265625,208.894840174638,4000,99
2015-07-21 11:40:29,CAMBRIDGE STREET,1632 Cambridge St,1437493229,42.374804019928,-71.1095076799393,4,99.0038604736328,65.7321701049805,198.847995671099,4000,99
2015-07-21 11:40:30,CAMBRIDGE STREET,1632 Cambridge St,1437493230,42.374804019928,-71.1095076799393,4,124.068313598633,90.7966232299805,198.847995671099,4000,99
2015-07-21 11:40:34,CAMBRIDGE STREET,1628 Cambridge St,1437493234,42.37475873,-71.10939898,4,88.9636383056641,55.691951751709,190.897226397055,4000,99
2015-07-21 11:40:35,CAMBRIDGE STREET,1628 Cambridge St,1437493235,42.37475873,-71.10939898,4,143.769683837891,110.498001098633,190.897226397055,4000,99
2015-07-21 11:40:40,CAMBRIDGE STREET,1628 Cambridge St,1437493240,42.3747342824936,-71.1092931032181,4,122.693809509277,89.422119140625,203.823240360067,4000,99
2015-07-21 11:40:45,CAMBRIDGE STREET,1628 Cambridge St,1437493245,42.3747020959854,-71.1092340946198,4,91.4267578125,58.1550636291504,195.110265905886,4000,99
2015-07-21 11:40:50,CAMBRIDGE STREET,1628 Cambridge St,1437493250,42.3746699094772,-71.1091214418411,4,81.0291748046875,47.7574882507324,191.14062125321,4000,99
2015-07-21 11:40:55,CAMBRIDGE STREET,1618 Cambridge St,1437493255,42.3746484518051,-71.1090409755707,4,138.821365356445,105.549674987793,190.573061194287,4000,99
2015-07-21 11:40:55,CAMBRIDGE STREET,1618 Cambridge St,1437493255,42.3746484518051,-71.1090409755707,4,121.6181640625,88.3464736938477,190.573061194287,4000,99
2015-07-21 11:41:00,CAMBRIDGE STREET,1616 Cambridge St,1437493260,42.374626994133,-71.1089444160461,4,76.0560455322266,42.7843589782715,190.130742958663,4000,99
2015-07-21 11:41:00,CAMBRIDGE STREET,1616 Cambridge St,1437493260,42.3746162652969,-71.1089068651199,4,136.611206054688,103.33952331543,189.436641495413,4000,99
2015-07-21 11:41:05,CAMBRIDGE STREET,1616 Cambridge St,1437493265,42.3746055364609,-71.1088317632675,4,144.663360595703,111.391670227051,209.18771433228,4000,99
2015-07-21 11:41:10,CAMBRIDGE STREET,1610 Cambridge St,1437493270,42.3746055364609,-71.1087566614151,4,87.0523834228516,53.7806930541992,235.793559634313,4000,99
2015-07-21 11:41:10,CAMBRIDGE STREET,1610 Cambridge St,1437493270,42.3746055364609,-71.1087137460709,4,157.853637695313,124.581939697266,244.345476875074,4000,99
2015-07-21 11:41:15,CAMBRIDGE STREET,1610 Cambridge St,1437493275,42.3746055364609,-71.1086332798004,4,122.522041320801,89.2503509521484,251.340387402972,4000,99
2015-07-21 11:41:20,CAMBRIDGE STREET,187 Ellery St,1437493280,42.37460729,-71.10856738,4,157.219009399414,123.947319030762,264.891031704406,4000,99
2015-07-21 11:41:20,ELLERY STREET,187 Ellery St,1437493280,42.37460729,-71.10856738,4,157.219009399414,123.947319030762,264.891031704406,4000,99
2015-07-21 11:41:20,ELLERY STREET,187 Ellery St,1437493280,42.37460729,-71.10856738,4,157.219009399414,123.947319030762,264.891031704406,4000,99
2015-07-21 11:41:20,ELLERY STREET,187 Ellery St,1437493280,42.37460729,-71.10856738,4,68.0908813476563,34.8191947937012,264.891031704406,4000,99
2015-07-21 11:41:24,ELLERY STREET,189 Ellery St,1437493284,42.3746162652969,-71.1085259914398,4,231.008117675781,197.736419677734,286.255569448271,4000,99
2015-07-21 11:41:25,ELLERY STREET,189 Ellery St,1437493285,42.3745948076248,-71.1085313558578,4,218.865386962891,185.593704223633,349.559550895688,4000,99
2015-07-21 11:41:30,ELLERY STREET,189 Ellery St,1437493290,42.3745948076248,-71.1085313558578,4,212.008361816406,178.736663818359,349.559550895688,4000,99
2015-07-21 11:41:35,ELLERY STREET,185 Ellery St,1437493295,42.3745465278625,-71.108558177948,4,271.853179931641,238.581481933594,72.3831921821723,4000,99
2015-07-21 11:41:35,ELLERY STREET,185 Ellery St,1437493295,42.3745465278625,-71.108558177948,4,236.926971435547,203.6552734375,72.3831921821723,4000,99
2015-07-21 11:41:40,ELLERY STREET,179 Ellery St,1437493300,42.3744767904282,-71.1086225509644,4,199.413665771484,166.141967773438,133.324754868064,4000,99
2015-07-21 11:41:40,ELLERY STREET,179 Ellery St,1437493300,42.3744767904282,-71.1086225509644,4,285.411529541016,252.139831542969,133.324754868064,4000,99
2015-07-21 11:41:45,ELLERY STREET,179 Ellery St,1437493305,42.3743909597397,-71.1087083816528,4,277.605682373047,244.333999633789,159.124171596256,4000,99
2015-07-21 11:41:50,ELLERY STREET,179 Ellery St,1437493310,42.3743265867233,-71.1087566614151,4,236.440521240234,203.168838500977,167.592456768394,4000,99
2015-07-21 11:41:55,ELLERY STREET,165 Ellery St,1437493315,42.374262213707,-71.1087995767593,4,272.107360839844,238.835662841797,172.316448629081,4000,99
2015-07-21 11:41:55,ELLERY STREET,165 Ellery St,1437493315,42.3742407560349,-71.1088263988495,4,200.034271240234,166.762588500977,173.570832905614,4000,99
2015-07-21 11:42:00,ELLERY STREET,165 Ellery St,1437493320,42.3741978406906,-71.1088693141937,4,219.186553955078,185.914855957031,175.482881387031,4000,99
2015-07-21 11:42:05,ELLERY STREET,159 Ellery St,1437493325,42.37417354,-71.10887543,4,220.637237548828,187.365539550781,176.477633712397,4000,99
2015-07-21 11:42:05,ELLERY STREET,159 Ellery St,1437493325,42.37417354,-71.10887543,4,277.137451171875,243.865768432617,176.477633712397,4000,99
2015-07-21 11:42:10,ELLERY STREET,155 Ellery St,1437493330,42.3741281032562,-71.108912229538,4,221.269195556641,187.997512817383,177.25167563123,4000,99
2015-07-21 11:42:10,ELLERY STREET,155 Ellery St,1437493330,42.3741012811661,-71.1089336872101,3,271.340454101563,238.068756103516,177.510417025526,4000,99
2015-07-21 11:42:15,ELLERY STREET,149 Ellery St,1437493335,42.3740476369858,-71.1089712381363,3,239.702606201172,206.430923461914,177.956367543534,4000,99
2015-07-21 11:42:15,ELLERY STREET,149 Ellery St,1437493335,42.3740476369858,-71.1089712381363,3,223.545532226563,190.273849487305,177.956367543534,4000,99
2015-07-21 11:42:20,ELLERY STREET,149 Ellery St,1437493340,42.37396962,-71.10900793,3,194.712219238281,161.440521240234,178.52007952062,4000,99
2015-07-21 11:42:25,ELLERY STREET,137 Ellery St,1437493345,42.3738652467728,-71.1090892553329,3,237.577026367188,204.305328369141,178.384207163077,4000,99
2015-07-21 11:42:25,ELLERY STREET,137 Ellery St,1437493345,42.3738437891006,-71.109105348587,3,200.345672607422,167.073989868164,178.383810357616,4000,99
2015-07-21 11:42:30,ELLERY STREET,133 Ellery St,1437493350,42.3737901449203,-71.1091428995132,3,197.959686279297,164.68798828125,178.422493754867,4000,99
2015-07-21 11:42:30,ELLERY STREET,133 Ellery St,1437493350,42.3737901449203,-71.1091428995132,3,247.431488037109,214.159790039063,178.422493754867,4000,99
2015-07-21 11:42:35,ELLERY STREET,129 Ellery St,1437493355,42.3737418651581,-71.1091643571854,3,189.288696289063,156.017013549805,178.686959256856,4000,99
2015-07-21 11:42:35,ELLERY STREET,129 Ellery St,1437493355,42.3737418651581,-71.1091643571854,3,283.164489746094,249.892807006836,178.686959256856,4000,99
2015-07-21 11:42:40,ELLERY STREET,129 Ellery St,1437493360,42.3736935853958,-71.1091643571854,3,207.943634033203,174.671936035156,111.707229014612,4000,99
2015-07-21 11:42:45,ELLERY STREET,129 Ellery St,1437493365,42.3736292123795,-71.1092180013657,4,198.9814453125,165.709762573242,149.994090768051,4000,99
2015-07-21 11:42:50,ELLERY STREET,129 Ellery St,1437493370,42.37357645,-71.10926266,3,204.485870361328,171.21418762207,162.279782169389,4000,99
2015-07-21 11:42:55,ELLERY STREET,129 Ellery St,1437493375,42.3735111951828,-71.1093145608902,3,270.530517578125,237.258819580078,171.36674858548,4000,99
2015-07-21 11:43:00,ELLERY STREET,129 Ellery St,1437493380,42.3734629154205,-71.1093467473984,3,211.362152099609,178.090454101563,174.544919981843,4000,99
2015-07-21 11:43:05,ELLERY STREET,129 Ellery St,1437493385,42.3733824491501,-71.1094272136688,3,295.14501953125,261.873321533203,176.78546111699,4000,99
2015-07-21 11:43:10,ELLERY STREET,129 Ellery St,1437493390,42.37330933,-71.10951431,3,204.889678955078,171.617980957031,177.132791771152,4000,99
2015-07-21 11:43:15,ELLERY STREET,129 Ellery St,1437493395,42.3732483386993,-71.1095881462097,5,204.503265380859,171.231582641602,177.290504238127,4000,99
2015-07-21 11:43:20,ELLERY STREET,129 Ellery St,1437493400,42.37319996,-71.10960634,3,181.587921142578,148.316223144531,178.121541612629,4000,99
2015-07-21 11:43:25,ELLERY STREET,129 Ellery St,1437493405,42.3731517791748,-71.109631061554,3,174.945068359375,141.673370361328,178.447758837797,4000,99
2015-07-21 11:43:30,ELLERY STREET,129 Ellery St,1437493410,42.3731517791748,-71.109631061554,3,191.479278564453,158.207580566406,178.447758837797,4000,99
2015-07-21 11:43:35,ELLERY STREET,89 Ellery St,1437493415,42.37313045,-71.10962202,4,286.615875244141,253.344177246094,89.068726307055,4000,99
2015-07-21 11:43:35,ELLERY STREET,89 Ellery St,1437493415,42.37313045,-71.10962202,4,286.615875244141,253.344177246094,89.068726307055,4000,99
2015-07-21 11:43:35,ELLERY STREET,89 Ellery St,1437493415,42.37313045,-71.10962202,4,184.244110107422,150.972412109375,89.068726307055,4000,99
2015-07-21 11:43:40,ELLERY STREET,87 Ellery St,1437493420,42.3730874061584,-71.1096042394638,4,222.780181884766,189.508483886719,61.6555075823141,4000,99
2015-07-21 11:43:40,ELLERY STREET,87 Ellery St,1437493420,42.3730874061584,-71.1096042394638,4,222.780181884766,189.508483886719,61.6555075823141,4000,99
2015-07-21 11:43:40,ELLERY STREET,87 Ellery St,1437493420,42.3730659484863,-71.1096203327179,4,200.413757324219,167.142074584961,90.8289421963408,4000,99
2015-07-21 11:43:45,ELLERY STREET,81 Ellery St,1437493425,42.373006939888,-71.1096686124802,4,204.709686279297,171.43798828125,129.056248143842,4000,99
2015-07-21 11:43:45,ELLERY STREET,81 Ellery St,1437493425,42.373006939888,-71.1096686124802,4,204.709686279297,171.43798828125,129.056248143842,4000,99
2015-07-21 11:43:45,ELLERY STREET,81 Ellery St,1437493425,42.373006939888,-71.1096686124802,4,176.546325683594,143.274627685547,129.056248143842,4000,99
2015-07-21 11:43:50,ELLERY STREET,81 Ellery St,1437493430,42.3729854822159,-71.1096847057343,4,168.170623779297,134.89892578125,141.378634529354,4000,99
2015-07-21 11:43:55,ELLERY STREET,81 Ellery St,1437493435,42.3729532957077,-71.109636425972,4,242.042755126953,208.771057128906,2.2455486288194,4000,99
2015-07-21 11:44:00,ELLERY STREET,77 Ellery St,1437493440,42.3728728294373,-71.1096632480621,5,203.639465332031,170.367767333984,104.588357446057,4000,99
2015-07-21 11:44:00,ELLERY STREET,77 Ellery St,1437493440,42.3728728294373,-71.1096632480621,5,203.639465332031,170.367767333984,104.588357446057,4000,99
2015-07-21 11:44:05,ELLERY STREET,77 Ellery St,1437493445,42.3727816343308,-71.1097222566605,3,200.358367919922,167.086669921875,147.363784212498,4000,99
2015-07-21 11:44:10,ELLERY STREET,65 Ellery St,1437493450,42.37271843,-71.10977094,4,193.176727294922,159.905029296875,160.896952025944,4000,99
2015-07-21 11:44:10,ELLERY STREET,65 Ellery St,1437493450,42.37271843,-71.10977094,4,267.293670654297,234.021987915039,160.896952025944,4000,99
2015-07-21 11:44:15,ELLERY STREET,65 Ellery St,1437493455,42.3726582527161,-71.1098724603653,4,286.28662109375,253.014938354492,169.244992691779,4000,99
2015-07-21 11:44:20,ELLERY STREET,65 Ellery St,1437493460,42.3726099729538,-71.1099100112915,4,238.921264648438,205.649566650391,173.1432236076,4000,99
2015-07-21 11:44:25,ELLERY STREET,61 Ellery St,1437493465,42.3725509643555,-71.1099529266357,4,230.662567138672,197.390869140625,175.446436271799,4000,99
2015-07-21 11:44:25,ELLERY STREET,61 Ellery St,1437493465,42.3725187778473,-71.1099582910538,4,213.556335449219,180.284637451172,176.49178929975,4000,99
2015-07-21 11:44:30,ELLERY STREET,61 Ellery St,1437493470,42.372459769249,-71.109990477562,4,204.666717529297,171.39501953125,177.439846591552,4000,99
2015-07-21 11:44:35,ELLERY STREET,61 Ellery St,1437493475,42.3723739385605,-71.1100387573242,4,191.031585693359,157.759887695313,178.174541255023,4000,99
2015-07-21 11:44:40,ELLERY STREET,61 Ellery St,1437493480,42.3723256587982,-71.1100709438324,4,247.226196289063,213.954498291016,178.293438827501,4000,99
2015-07-21 11:44:45,ELLERY STREET,61 Ellery St,1437493485,42.372277379036,-71.1101084947586,4,276.696197509766,243.424499511719,178.114286825444,4000,99
2015-07-21 11:44:50,ELLERY STREET,61 Ellery St,1437493490,42.3722076416016,-71.1101943254471,4,292.074615478516,258.802917480469,177.583558822901,4000,99
2015-07-21 11:44:55,ELLERY STREET,61 Ellery St,1437493495,42.3721593618393,-71.1102479696274,4,218.032836914063,184.761138916016,177.550277481322,4000,99
2015-07-21 11:45:00,ELLERY STREET,61 Ellery St,1437493500,42.3720842599869,-71.1102962493896,4,205.641326904297,172.36962890625,178.100268197232,4000,99
2015-07-21 11:45:05,ELLERY STREET,61 Ellery St,1437493505,42.3720252513886,-71.1103069782257,4,193.683746337891,160.412048339844,88.7619633794627,4000,99
2015-07-21 11:45:10,ELLERY STREET,43 Ellery St,1437493510,42.3719823360443,-71.1103445291519,4,233.237884521484,199.966186523438,127.670239919054,4000,99
2015-07-21 11:45:10,ELLERY STREET,43 Ellery St,1437493510,42.3719662427902,-71.110365986824,4,214.943115234375,181.671432495117,139.998518948462,4000,99
2015-07-21 11:45:15,ELLERY STREET,Cleveland St & Ellery St,1437493515,42.371934056282,-71.1103713512421,3,200.549713134766,167.278015136719,149.904456523488,4000,99
2015-07-21 11:45:15,ELLERY STREET,Cleveland St & Ellery St,1437493515,42.371934056282,-71.1103713512421,3,200.549713134766,167.278015136719,149.904456523488,4000,99
2015-07-21 11:45:15,CLEVELAND STREET & ELLERY STREET,Cleveland St & Ellery St,1437493515,42.37191036,-71.11038161,3,200.549713134766,167.278015136719,157.182921303794,4000,99
2015-07-21 11:45:15,CLEVELAND STREET & ELLERY STREET,Cleveland St & Ellery St,1437493515,42.37191036,-71.11038161,3,284.512634277344,251.240951538086,157.182921303794,4000,99
2015-07-21 11:45:20,CLEVELAND STREET & ELLERY STREET,39 Ellery St,1437493520,42.3718482255936,-71.1104196310043,4,212.326751708984,179.055068969727,166.5605360523,4000,99
2015-07-21 11:45:20,ELLERY STREET,39 Ellery St,1437493520,42.3718482255936,-71.1104196310043,4,212.326751708984,179.055068969727,166.5605360523,4000,99
2015-07-21 11:45:20,ELLERY STREET,39 Ellery St,1437493520,42.3718482255936,-71.1104196310043,4,212.326751708984,179.055068969727,166.5605360523,4000,99
2015-07-21 11:45:20,ELLERY STREET,39 Ellery St,1437493520,42.3718482255936,-71.1104196310043,4,227.808776855469,194.537094116211,166.5605360523,4000,99
2015-07-21 11:45:25,ELLERY STREET,39 Ellery St,1437493525,42.3717623949051,-71.1104947328568,4,191.5693359375,158.297637939453,173.150557957769,4000,99
2015-07-21 11:45:30,ELLERY STREET,39 Ellery St,1437493530,42.3717087507248,-71.1105591058731,4,256.673065185547,223.4013671875,174.980358013717,4000,99
2015-07-21 11:45:35,ELLERY STREET,39 Ellery St,1437493535,42.3716604709625,-71.1105966567993,4,233.811065673828,200.53938293457,176.406827718824,4000,99
2015-07-21 11:45:40,ELLERY STREET,39 Ellery St,1437493540,42.3716068267822,-71.1106234788895,4,192.919769287109,159.648071289063,177.477798201062,4000,99
2015-07-21 11:45:45,ELLERY STREET,30 Ellery Pl,1437493545,42.3715263605118,-71.1106878519058,4,232.445068359375,199.173385620117,177.780533311927,4000,99
2015-07-21 11:45:45,ELLERY PLACE,30 Ellery Pl,1437493545,42.3715263605118,-71.1106878519058,4,232.445068359375,199.173385620117,177.780533311927,4000,99
2015-07-21 11:45:45,ELLERY PLACE,30 Ellery Pl,1437493545,42.3715263605118,-71.1106878519058,4,232.445068359375,199.173385620117,177.780533311927,4000,99
2015-07-21 11:45:45,ELLERY PLACE,30 Ellery Pl,1437493545,42.3715263605118,-71.1106878519058,4,191.677825927734,158.406143188477,177.780533311927,4000,99
2015-07-21 11:45:50,ELLERY PLACE,33 Ellery St,1437493550,42.3714780807495,-71.1107361316681,4,197.694244384766,164.422561645508,177.692155853996,4000,99
2015-07-21 11:45:50,ELLERY STREET,33 Ellery St,1437493550,42.3714780807495,-71.1107361316681,4,197.694244384766,164.422561645508,177.692155853996,4000,99
2015-07-21 11:45:50,ELLERY STREET,33 Ellery St,1437493550,42.3714780807495,-71.1107361316681,4,197.694244384766,164.422561645508,177.692155853996,4000,99
2015-07-21 11:45:50,ELLERY STREET,33 Ellery St,1437493550,42.3714780807495,-71.1107361316681,4,289.260925292969,255.989227294922,177.692155853996,4000,99
2015-07-21 11:45:55,ELLERY STREET,33 Ellery St,1437493555,42.371386885643,-71.1107897758484,4,278.507019042969,245.235336303711,178.306564464446,4000,99
2015-07-21 11:46:00,ELLERY STREET,33 Ellery St,1437493560,42.3713278770447,-71.1107897758484,4,164.987121582031,131.715423583984,111.504249903821,4000,99
2015-07-21 11:46:05,ELLERY STREET,33 Ellery St,1437493565,42.3712313175201,-71.1107683181763,4,66.278434753418,33.0067443847656,354.023801607423,4000,99
2015-07-21 11:46:10,ELLERY STREET,30 Ellery St,1437493570,42.371199131012,-71.1106985807419,5,65.9556121826172,32.6839218139648,280.419690151585,4000,99
2015-07-21 11:46:10,ELLERY STREET,30 Ellery St,1437493570,42.371199131012,-71.1106985807419,5,65.9556121826172,32.6839218139648,280.419690151585,4000,99
2015-07-21 11:46:15,ELLERY STREET,353 Harvard St,1437493575,42.3711669445038,-71.1106020212173,4,82.6089782714844,49.3372840881348,226.684466827414,4000,99
2015-07-21 11:46:15,HARVARD STREET,353 Harvard St,1437493575,42.3711669445038,-71.1106020212173,4,82.6089782714844,49.3372840881348,226.684466827414,4000,99
2015-07-21 11:46:16,HARVARD STREET,353 Harvard St,1437493576,42.3711669445038,-71.1106020212173,4,102.263275146484,68.991584777832,226.684466827414,4000,99
2015-07-21 11:46:21,HARVARD STREET,353 Harvard St,1437493581,42.3711293935776,-71.1105269193649,4,120.704109191895,87.4324188232422,208.362223392995,4000,99
2015-07-21 11:46:26,HARVARD STREET,353 Harvard St,1437493586,42.3710811138153,-71.1103981733322,4,94.254035949707,60.9823455810547,196.32494683441,4000,99
2015-07-21 11:46:26,HARVARD STREET,351 Harvard St,1437493586,42.3710811138153,-71.1103981733322,4,117.817153930664,84.5454635620117,196.32494683441,4000,99
2015-07-21 11:46:26,HARVARD STREET,351 Harvard St,1437493586,42.3710811138153,-71.1103981733322,4,117.817153930664,84.5454635620117,196.32494683441,4000,99
2015-07-21 11:46:30,HARVARD STREET,349 Harvard St,1437493590,42.3710596561432,-71.1103284358978,4,128.982452392578,95.7107543945313,193.505922503162,4000,99
2015-07-21 11:46:31,HARVARD STREET,349 Harvard St,1437493591,42.3710596561432,-71.1103284358978,4,80.00732421875,46.7356300354004,193.505922503162,4000,99
2015-07-21 11:46:36,HARVARD STREET,349 Harvard St,1437493596,42.371016740799,-71.1102586984634,3,87.1841201782227,53.9124298095703,188.674513649269,4000,99
2015-07-21 11:46:40,HARVARD STREET,347 Harvard St,1437493600,42.3710006475449,-71.110178232193,3,115.286018371582,82.0143280029297,191.068525788774,4000,99
2015-07-21 11:46:41,HARVARD STREET,347 Harvard St,1437493601,42.3710006475449,-71.110178232193,3,95.35205078125,62.0803604125977,191.068525788774,4000,99
2015-07-21 11:46:46,HARVARD STREET,347 Harvard St,1437493606,42.3709684610367,-71.1100655794144,4,119.921539306641,86.6498489379883,189.387558689938,4000,99
2015-07-21 11:46:51,HARVARD STREET,347 Harvard St,1437493611,42.3709523677826,-71.1099851131439,4,68.7215881347656,35.4498977661133,191.286403799563,4000,99
2015-07-21 11:46:56,HARVARD STREET,347 Harvard St,1437493616,42.3709464,-71.10986504,3,66.7322540283203,33.4605674743652,214.034356091558,4000,99
2015-07-21 11:47:00,HARVARD STREET,343 Harvard St,1437493620,42.3709201812744,-71.1097598075867,3,102.363426208496,69.0917358398438,200.780298852684,4000,99
2015-07-21 11:47:01,HARVARD STREET,343 Harvard St,1437493621,42.3709201812744,-71.1097598075867,3,113.624755859375,80.3530654907227,200.780298852684,4000,99
2015-07-21 11:47:06,HARVARD STREET,343 Harvard St,1437493626,42.3708826303482,-71.1096578836441,3,114.97779083252,81.7061004638672,192.776685750951,4000,99
2015-07-21 11:47:11,HARVARD STREET,343 Harvard St,1437493631,42.3708987236023,-71.1095827817917,4,130.286148071289,97.0144577026367,242.278783617557,4000,99
2015-07-21 11:47:15,HARVARD STREET,22 Dana St,1437493635,42.3708987236023,-71.1095130443573,5,96.2686920166016,62.9970054626465,254.407257248646,4000,99
2015-07-21 11:47:15,HARVARD STREET,22 Dana St,1437493635,42.3708987236023,-71.1095130443573,5,96.2686920166016,62.9970054626465,254.407257248646,4000,99
2015-07-21 11:47:15,DANA STREET,22 Dana St,1437493635,42.3708987236023,-71.1095130443573,5,113.377510070801,80.1058197021484,254.407257248646,4000,99
2015-07-21 11:47:15,DANA STREET,22 Dana St,1437493635,42.3708987236023,-71.1095130443573,5,113.377510070801,80.1058197021484,254.407257248646,4000,99
2015-07-21 11:47:16,DANA STREET,22 Dana St,1437493636,42.3708987236023,-71.1095130443573,5,113.377510070801,80.1058197021484,254.407257248646,4000,99
2015-07-21 11:47:21,DANA STREET,22 Dana St,1437493641,42.3708558082581,-71.1094111204147,3,134.153289794922,100.881607055664,214.543815311475,4000,99
2015-07-21 11:47:25,DANA STREET,337 Harvard St,1437493645,42.3708182573318,-71.1093360185623,3,138.213806152344,104.942108154297,201.632708975758,4000,99
2015-07-21 11:47:25,DANA STREET,337 Harvard St,1437493645,42.3708182573318,-71.1093360185623,3,138.213806152344,104.942108154297,201.632708975758,4000,99
2015-07-21 11:47:25,HARVARD STREET,337 Harvard St,1437493645,42.3708182573318,-71.1093360185623,3,138.213806152344,104.942108154297,201.632708975758,4000,99
2015-07-21 11:47:25,HARVARD STREET,337 Harvard St,1437493645,42.3708182573318,-71.1093360185623,3,138.213806152344,104.942108154297,201.632708975758,4000,99
2015-07-21 11:47:26,HARVARD STREET,337 Harvard St,1437493646,42.3708182573318,-71.1093360185623,3,138.213806152344,104.942108154297,201.632708975758,4000,99
2015-07-21 11:47:31,HARVARD STREET,337 Harvard St,1437493651,42.37079307,-71.10927143,6,139.49739074707,106.225700378418,194.77586317847,4000,99
2015-07-21 11:47:36,HARVARD STREET,337 Harvard St,1437493656,42.3707699775696,-71.1092072725296,4,139.797149658203,106.525451660156,192.531173183648,4000,99
2015-07-21 11:47:41,HARVARD STREET,337 Harvard St,1437493661,42.3707395,-71.10911105,4,138.428863525391,105.157165527344,190.130437796172,4000,99
2015-07-21 11:47:46,HARVARD STREET,337 Harvard St,1437493666,42.3707109689713,-71.1090409755707,4,151.276062011719,118.004371643066,188.183148950609,4000,99
2015-07-21 11:47:50,HARVARD STREET,333 Harvard St,1437493670,42.3706895112991,-71.108917593956,4,110.370643615723,77.0989532470703,209.99794079681,4000,99
2015-07-21 11:47:51,HARVARD STREET,333 Harvard St,1437493671,42.3706895112991,-71.108917593956,4,110.370643615723,77.0989532470703,209.99794079681,4000,99
2015-07-21 11:47:56,HARVARD STREET,333 Harvard St,1437493676,42.370662689209,-71.1088371276855,4,130.474700927734,97.2030029296875,200.071598335504,4000,99
2015-07-21 11:48:00,HARVARD STREET,331 Harvard St,1437493680,42.3706251382828,-71.1087137460709,4,137.375686645508,104.103996276855,193.294262098438,4000,99
2015-07-21 11:48:01,HARVARD STREET,331 Harvard St,1437493681,42.3706251382828,-71.1087137460709,4,137.375686645508,104.103996276855,193.294262098438,4000,99
2015-07-21 11:48:06,HARVARD STREET,331 Harvard St,1437493686,42.37061072,-71.10864103,4,143.528915405273,110.257225036621,192.761192088202,4000,99
2015-07-21 11:48:11,HARVARD STREET,331 Harvard St,1437493691,42.3705714941025,-71.1085152626038,4,111.034240722656,77.7625503540039,189.737349600424,4000,99
2015-07-21 11:48:15,HARVARD STREET,329 Harvard St,1437493695,42.3705393075943,-71.1084508895874,4,85.88427734375,52.6125907897949,187.573560932727,4000,99
2015-07-21 11:48:16,HARVARD STREET,329 Harvard St,1437493696,42.3705393075943,-71.1084508895874,4,146.329559326172,113.057861328125,187.573560932727,4000,99
2015-07-21 11:48:21,HARVARD STREET,329 Harvard St,1437493701,42.3705071210861,-71.1083596944809,4,139.465209960938,106.193519592285,197.549730069767,4000,99
2015-07-21 11:48:25,HARVARD STREET,327 Harvard St,1437493705,42.370485663414,-71.1082953214645,4,133.33088684082,100.059196472168,192.963071342823,4000,99
2015-07-21 11:48:26,HARVARD STREET,327 Harvard St,1437493706,42.370485663414,-71.1082953214645,4,104.566528320313,71.2948379516602,192.963071342823,4000,99
2015-07-21 11:48:31,HARVARD STREET,327 Harvard St,1437493711,42.3704534769058,-71.1081719398499,4,68.1843032836914,34.9126129150391,192.710571340307,4000,99
2015-07-21 11:48:35,HARVARD STREET,325 Harvard St,1437493715,42.3704373836517,-71.1080753803253,4,145.724273681641,112.452590942383,193.567493405325,4000,99
2015-07-21 11:48:36,HARVARD STREET,325 Harvard St,1437493716,42.3704373836517,-71.1080753803253,4,97.2215118408203,63.949821472168,193.567493405325,4000,99
2015-07-21 11:48:41,HARVARD STREET,325 Harvard St,1437493721,42.3703891038895,-71.1079734563828,4,149.542846679688,116.27116394043,191.321191249676,4000,99
2015-07-21 11:48:46,HARVARD STREET,325 Harvard St,1437493726,42.3703837394714,-71.1078929901123,4,143.242202758789,109.970512390137,207.256561966772,4000,99
2015-07-21 11:48:50,HARVARD STREET,323 Harvard St,1437493730,42.3703676462173,-71.1077964305878,4,98.3525085449219,65.0808181762695,217.83538882218,4000,99
2015-07-21 11:48:51,HARVARD STREET,323 Harvard St,1437493731,42.3703676462173,-71.1077964305878,4,129.110900878906,95.8392181396484,217.83538882218,4000,99
2015-07-21 11:48:56,HARVARD STREET,323 Harvard St,1437493736,42.3703730106354,-71.1077320575714,5,85.4456253051758,52.1739349365234,254.934270170129,4000,99
2015-07-21 11:49:01,HARVARD STREET,323 Harvard St,1437493741,42.370308637619,-71.1076408624649,4,68.6333923339844,35.3617057800293,213.550796463959,4000,99
2015-07-21 11:49:01,HARVARD STREET,321 Harvard St,1437493741,42.370308637619,-71.1076408624649,4,68.6333923339844,35.3617057800293,213.550796463959,4000,99
2015-07-21 11:49:06,HARVARD STREET,321 Harvard St,1437493746,42.3702818155289,-71.1075121164322,4,134.819885253906,101.548194885254,203.906337404652,4000,99
2015-07-21 11:49:11,HARVARD STREET,321 Harvard St,1437493751,42.37025067,-71.1074411,4,151.427032470703,118.155349731445,195.953270412456,4000,98
2015-07-21 11:49:16,HARVARD STREET,321 Harvard St,1437493756,42.3702335357666,-71.1073619127274,4,136.094573974609,102.822883605957,194.557451401717,4000,98
2015-07-21 11:49:21,HARVARD STREET,321 Harvard St,1437493761,42.3702228069305,-71.107292175293,3,114.169960021973,80.8982696533203,212.01207142415,4000,98
2015-07-21 11:49:26,HARVARD STREET,321 Harvard St,1437493766,42.3701798915863,-71.1072009801865,4,88.9849624633789,55.7132720947266,197.248221437887,4000,98
2015-07-21 11:49:31,HARVARD STREET,317 Harvard St,1437493771,42.37017254,-71.10711263,4,148.304992675781,115.033294677734,203.974123296561,4000,98
2015-07-21 11:49:31,HARVARD STREET,317 Harvard St,1437493771,42.37017254,-71.10711263,4,92.0443878173828,58.7726936340332,203.974123296561,4000,98
2015-07-21 11:49:36,HARVARD STREET,317 Harvard St,1437493776,42.3701530694962,-71.1069810390472,4,134.042236328125,100.770545959473,199.936359597736,4000,98
2015-07-21 11:49:41,HARVARD STREET,317 Harvard St,1437493781,42.37013256,-71.10690165,3,136.802642822266,103.530944824219,195.166861858583,4000,98
2015-07-21 11:49:46,HARVARD STREET,151 Hancock St,1437493786,42.3701047897339,-71.1068469285965,4,94.8779296875,61.6062393188477,190.58111675231,4000,98
2015-07-21 11:49:46,HARVARD STREET,151 Hancock St,1437493786,42.3701047897339,-71.1068469285965,4,94.8779296875,61.6062393188477,190.58111675231,4000,98
2015-07-21 11:49:46,HARVARD STREET,151 Hancock St,1437493786,42.3701047897339,-71.1068469285965,4,94.8779296875,61.6062393188477,190.58111675231,4000,98
2015-07-21 11:49:46,HANCOCK STREET,151 Hancock St,1437493786,42.3701047897339,-71.1068469285965,4,94.8779296875,61.6062393188477,190.58111675231,4000,98
2015-07-21 11:49:46,HANCOCK STREET,151 Hancock St,1437493786,42.3701047897339,-71.1068469285965,4,140.351348876953,107.079666137695,190.58111675231,4000,98
2015-07-21 11:49:51,HANCOCK STREET,151 Hancock St,1437493791,42.3700618743896,-71.1067664623261,4,142.529281616211,109.257591247559,187.237595061037,4000,98
2015-07-21 11:49:56,HANCOCK STREET,151 Hancock St,1437493796,42.3700511455536,-71.1066913604736,4,126.628067016602,93.3563766479492,191.147626786837,4000,98
2015-07-21 11:50:01,HANCOCK STREET,309 Harvard St,1437493801,42.3700189590454,-71.106578707695,4,145.209289550781,111.937606811523,189.525960843566,4000,98
2015-07-21 11:50:01,HARVARD STREET,309 Harvard St,1437493801,42.3700189590454,-71.106578707695,4,74.5170440673828,41.2453498840332,189.525960843566,4000,98
2015-07-21 11:50:01,HARVARD STREET,309 Harvard St,1437493801,42.3700189590454,-71.106578707695,4,74.5170440673828,41.2453498840332,189.525960843566,4000,98
2015-07-21 11:50:06,HARVARD STREET,309 Harvard St,1437493806,42.3699760437012,-71.1065143346787,4,44.6814155578613,11.4097242355347,186.916895428506,4000,98
2015-07-21 11:50:11,HARVARD STREET,308 Harvard St,1437493811,42.3698955774307,-71.1064660549164,5,99.8268203735352,66.5551300048828,183.639592766533,4000,98
2015-07-21 11:50:11,HARVARD STREET,308 Harvard St,1437493811,42.3698955774307,-71.1064660549164,5,118.207649230957,84.9359588623047,183.639592766533,4000,98
2015-07-21 11:50:16,HARVARD STREET,308 Harvard St,1437493816,42.3698633909225,-71.1064285039902,4,152.506469726563,119.234771728516,183.93854479182,4000,98
2015-07-21 11:50:21,HARVARD STREET,308 Harvard St,1437493821,42.3698472976685,-71.1063051223755,4,12.6344909667969,339.36279296875,192.588179046748,68.11,98
2015-07-21 11:50:26,HARVARD STREET,308 Harvard St,1437493826,42.36985814,-71.1062318,5,123.46215057373,90.1904602050781,228.787689360656,4000,98
2015-07-21 11:50:31,HARVARD STREET,308 Harvard St,1437493831,42.3698365688324,-71.1061066389084,4,121.238731384277,87.967041015625,232.991183989847,4000,98
2015-07-21 11:50:36,HARVARD STREET,308 Harvard St,1437493836,42.3698204755783,-71.1059725284576,4,121.737861633301,88.4661712646484,214.546735718192,4000,98
2015-07-21 11:50:41,HARVARD STREET,303 Harvard St,1437493841,42.3697990179062,-71.1059457063675,4,139.645080566406,106.373397827148,206.655829260038,4000,98
2015-07-21 11:50:41,HARVARD STREET,303 Harvard St,1437493841,42.3697936534882,-71.1059135198593,5,106.394470214844,73.1227798461914,203.503244547041,4000,98
2015-07-21 11:50:46,HARVARD STREET,301 Harvard St,1437493846,42.369772195816,-71.1058813333511,5,121.483627319336,88.2119369506836,198.522584842077,4000,98
2015-07-21 11:50:46,HARVARD STREET,301 Harvard St,1437493846,42.369756102562,-71.105854511261,5,121.483627319336,88.2119369506836,194.88662996325,4000,98
2015-07-21 11:50:51,HARVARD STREET,299 Harvard St,1437493851,42.3697453737259,-71.1058115959167,4,126.653381347656,93.3816909790039,193.534834198664,4000,98
2015-07-21 11:50:51,HARVARD STREET,299 Harvard St,1437493851,42.3697292804718,-71.1057847738266,4,134.551940917969,101.280258178711,191.146453671741,4000,98
2015-07-21 11:50:56,HARVARD STREET,297 Harvard St,1437493856,42.3697078227997,-71.1057150363922,4,150.63069152832,117.359001159668,189.672462131383,4000,98
2015-07-21 11:50:56,HARVARD STREET,297 Harvard St,1437493856,42.3697078227997,-71.1057150363922,4,140.664642333984,107.392959594727,189.672462131383,4000,98
2015-07-21 11:51:01,HARVARD STREET,297 Harvard St,1437493861,42.3696756362915,-71.1055862903595,4,114.962287902832,81.6905975341797,189.568736082435,4000,98
2015-07-21 11:51:06,HARVARD STREET,297 Harvard St,1437493866,42.3696676,-71.10548711,4,138.389831542969,105.118133544922,240.607687309382,4000,98
2015-07-21 11:51:11,HARVARD STREET,297 Harvard St,1437493871,42.3696810007095,-71.1053878068924,4,109.442329406738,76.1706390380859,284.89925745048,4000,98
2015-07-21 11:51:16,HARVARD STREET,297 Harvard St,1437493876,42.3696810007095,-71.1052644252777,4,147.648284912109,114.376602172852,279.441001049806,4000,98
2015-07-21 11:51:21,HARVARD STREET,291 Harvard St,1437493881,42.36964252,-71.10520027,4,114.95295715332,81.681266784668,237.732083612538,4000,98
2015-07-21 11:51:21,HARVARD STREET,291 Harvard St,1437493881,42.36964252,-71.10520027,4,114.95295715332,81.681266784668,237.732083612538,4000,98
2015-07-21 11:51:26,HARVARD STREET,291 Harvard St,1437493886,42.3696005344391,-71.1050927639008,4,123.223915100098,89.9522247314453,208.033436898195,4000,98
2015-07-21 11:51:31,HARVARD STREET,291 Harvard St,1437493891,42.3695683479309,-71.1050230264664,4,120.203079223633,86.9313888549805,198.033261083694,4000,98
2015-07-21 11:51:36,HARVARD STREET,Clinton St & Harvard St,1437493896,42.3695361614227,-71.104953289032,3,119.052665710449,85.7809753417969,192.609354191698,4000,98
2015-07-21 11:51:36,CLINTON STREET & HARVARD STREET,Clinton St & Harvard St,1437493896,42.3695361614227,-71.104953289032,3,119.052665710449,85.7809753417969,192.609354191698,4000,98
2015-07-21 11:51:36,CLINTON STREET & HARVARD STREET,Clinton St & Harvard St,1437493896,42.3695361614227,-71.104953289032,3,119.052665710449,85.7809753417969,192.609354191698,4000,98
2015-07-21 11:51:41,CLINTON STREET & HARVARD STREET,287 Harvard St,1437493901,42.3695147037506,-71.1048674583435,4,111.97046661377,78.6987762451172,191.359119644513,4000,98
2015-07-21 11:51:41,HARVARD STREET,287 Harvard St,1437493901,42.3695147037506,-71.1048674583435,4,106.604141235352,73.3324508666992,191.359119644513,4000,98
2015-07-21 11:51:41,HARVARD STREET,287 Harvard St,1437493901,42.3695093393326,-71.1048352718353,4,106.604141235352,73.3324508666992,192.053678943189,4000,98
2015-07-21 11:51:46,HARVARD STREET,287 Harvard St,1437493906,42.3694878816605,-71.1047601699829,4,128.188415527344,94.9167327880859,190.363280527513,4000,98
2015-07-21 11:51:51,HARVARD STREET,287 Harvard St,1437493911,42.3694503307343,-71.1047065258026,4,125.90650177002,92.6348114013672,187.331794394763,4000,98
2015-07-21 11:51:56,HARVARD STREET,287 Harvard St,1437493916,42.3693645000458,-71.1046260595322,4,107.528228759766,74.2565383911133,184.599656198847,4000,98
2015-07-21 11:52:01,HARVARD STREET,287 Harvard St,1437493921,42.3693215847015,-71.1045563220978,4,118.628074645996,85.3563842773438,184.274691822331,4000,98
2015-07-21 11:52:06,HARVARD STREET,286 Harvard St,1437493926,42.3692679405212,-71.1045295000076,5,120.269760131836,86.9980697631836,182.887952803895,4000,98
2015-07-21 11:52:06,HARVARD STREET,286 Harvard St,1437493926,42.3692679405212,-71.1045295000076,5,120.269760131836,86.9980697631836,182.887952803895,4000,98
2015-07-21 11:52:06,HARVARD STREET,286 Harvard St,1437493926,42.3692679405212,-71.1045295000076,5,120.269760131836,86.9980697631836,182.887952803895,4000,98
2015-07-21 11:52:11,HARVARD STREET,286 Harvard St,1437493931,42.369219660759,-71.104411482811,4,117.317085266113,84.0453948974609,185.362165186343,4000,98
2015-07-21 11:52:16,HARVARD STREET,286 Harvard St,1437493936,42.3691982030869,-71.1043202877045,4,116.493041992188,83.2213516235352,187.437707993519,4000,98
2015-07-21 11:52:21,HARVARD STREET,Bigelow St,1437493941,42.36914747,-71.10424018,4,116.99967956543,83.7279891967773,185.860408298027,4000,98
2015-07-21 11:52:21,HARVARD STREET,Bigelow St,1437493941,42.36914747,-71.10424018,4,116.99967956543,83.7279891967773,185.860408298027,4000,98
2015-07-21 11:52:21,BIGELOW STREET,Bigelow St,1437493941,42.3691231012344,-71.1042022705078,4,116.99967956543,83.7279891967773,185.337971737606,4000,98
2015-07-21 11:52:21,BIGELOW STREET,Bigelow St,1437493941,42.3691231012344,-71.1042022705078,4,116.99967956543,83.7279891967773,185.337971737606,4000,98
2015-07-21 11:52:26,BIGELOW STREET,Bigelow St,1437493946,42.3690909147263,-71.1041325330734,4,117.32103729248,84.0493469238281,185.794866370505,4000,98
2015-07-21 11:52:31,BIGELOW STREET,Bigelow St,1437493951,42.369042634964,-71.1040306091309,4,114.693969726563,81.4222793579102,185.403578945914,4000,98
2015-07-21 11:52:36,BIGELOW STREET,280 Harvard St,1437493956,42.3690319061279,-71.1039608716965,4,120.510559082031,87.2388687133789,206.90077061348,4000,98
2015-07-21 11:52:36,HARVARD STREET,280 Harvard St,1437493956,42.3690319061279,-71.1039608716965,4,120.510559082031,87.2388687133789,206.90077061348,4000,98
2015-07-21 11:52:36,HARVARD STREET,280 Harvard St,1437493956,42.3690319061279,-71.1039608716965,4,120.510559082031,87.2388687133789,206.90077061348,4000,98
2015-07-21 11:52:36,HARVARD STREET,280 Harvard St,1437493956,42.3690319061279,-71.1039608716965,4,120.510559082031,87.2388687133789,206.90077061348,4000,98
2015-07-21 11:52:41,HARVARD STREET,280 Harvard St,1437493961,42.3690909147263,-71.1038535833359,3,147.164077758789,113.892387390137,293.066124176839,4000,98
2015-07-21 11:52:46,HARVARD STREET,280 Harvard St,1437493966,42.3691070079803,-71.1037999391556,4,126.109992980957,92.8383026123047,281.139382916473,4000,98
2015-07-21 11:52:51,HARVARD STREET,280 Harvard St,1437493971,42.3690855503082,-71.1037248373032,3,132.181945800781,98.9102554321289,240.583714392374,4000,98
2015-07-21 11:52:56,HARVARD STREET,Inman St,1437493976,42.36905474,-71.10361681,3,115.757217407227,82.4855270385742,210.453813694392,4000,98
2015-07-21 11:52:56,HARVARD STREET,Inman St,1437493976,42.36905474,-71.10361681,3,115.757217407227,82.4855270385742,210.453813694392,4000,98
2015-07-21 11:52:56,HARVARD STREET,Inman St,1437493976,42.36905474,-71.10361681,3,136.239715576172,102.96802520752,210.453813694392,4000,98
2015-07-21 11:53:01,INMAN STREET,Inman St,1437493981,42.3690158128738,-71.1035746335983,3,144.905120849609,111.633422851563,198.339868881109,4000,98
2015-07-21 11:53:06,INMAN STREET,277 Harvard St,1437493986,42.3689997196198,-71.1034995317459,7,97.6495361328125,64.3778457641602,213.878028373351,4000,98
2015-07-21 11:53:06,INMAN STREET,277 Harvard St,1437493986,42.3689997196198,-71.1034995317459,7,97.6495361328125,64.3778457641602,213.878028373351,4000,98
2015-07-21 11:53:06,HARVARD STREET,277 Harvard St,1437493986,42.3689997196198,-71.1034995317459,7,97.6495361328125,64.3778457641602,213.878028373351,4000,98
2015-07-21 11:53:06,HARVARD STREET,277 Harvard St,1437493986,42.3689997196198,-71.1034995317459,7,149.427978515625,116.156288146973,213.878028373351,4000,98
2015-07-21 11:53:11,HARVARD STREET,277 Harvard St,1437493991,42.3689943552017,-71.1033922433853,5,150.877563476563,117.605880737305,223.222620468573,4000,98
2015-07-21 11:53:16,HARVARD STREET,275 Harvard St,1437493996,42.3689675331116,-71.103327870369,4,127.47721862793,94.2055282592773,206.912680854928,4000,98
2015-07-21 11:53:16,HARVARD STREET,275 Harvard St,1437493996,42.3689675331116,-71.103327870369,4,138.463897705078,105.19221496582,206.912680854928,4000,98
2015-07-21 11:53:21,HARVARD STREET,275 Harvard St,1437494001,42.3689353466034,-71.1032581329346,4,120.212707519531,86.9410171508789,197.517197016085,4000,98
2015-07-21 11:53:26,HARVARD STREET,275 Harvard St,1437494006,42.36889189,-71.10312882,3,137.049072265625,103.777381896973,191.528579179528,4000,98
2015-07-21 11:53:31,HARVARD STREET,273 Harvard St,1437494011,42.36885262,-71.10305453,4,162.125335693359,128.853637695313,188.666766135173,4000,98
2015-07-21 11:53:31,HARVARD STREET,273 Harvard St,1437494011,42.3688280582428,-71.1030220985413,5,114.521842956543,81.2501525878906,187.30606592902,4000,98
2015-07-21 11:53:36,HARVARD STREET,271 Harvard St,1437494016,42.3687744140625,-71.1029362678528,5,155.522766113281,122.251083374023,185.534128373338,4000,98
2015-07-21 11:53:36,HARVARD STREET,271 Harvard St,1437494016,42.3687744140625,-71.1029362678528,5,108.607315063477,75.3356246948242,185.534128373338,4000,98
2015-07-21 11:53:41,HARVARD STREET,271 Harvard St,1437494021,42.3687422275543,-71.1028558015823,3,127.954139709473,94.6824493408203,185.806264447574,4000,98
2015-07-21 11:53:46,HARVARD STREET,271 Harvard St,1437494026,42.3686671257019,-71.1027485132217,3,133.156616210938,99.8849258422852,184.605152423954,4000,98
2015-07-21 11:53:51,HARVARD STREET,271 Harvard St,1437494031,42.36862861,-71.10269043,3,122.648651123047,89.3769607543945,184.287933297242,4000,98
2015-07-21 11:53:56,HARVARD STREET,271 Harvard St,1437494036,42.36861587,-71.10262399,3,304.225677490234,270.953979492188,218.508428711646,4000,98
2015-07-21 11:54:01,HARVARD STREET,271 Harvard St,1437494041,42.3686188459396,-71.1025500297546,3,138.519592285156,105.247909545898,247.390497666863,4000,98
2015-07-21 11:54:06,HARVARD STREET,271 Harvard St,1437494046,42.3685920238495,-71.1024695634842,4,122.203216552734,88.931526184082,221.180806244349,4000,98
2015-07-21 11:54:11,HARVARD STREET,271 Harvard St,1437494051,42.3685491085052,-71.1023730039597,3,106.094306945801,72.8226165771484,200.651772047574,4000,98
2015-07-21 11:54:16,HARVARD STREET,271 Harvard St,1437494056,42.3685383796692,-71.1022281646729,4,115.929992675781,82.6583023071289,210.467193633981,4000,98
2015-07-21 11:54:21,HARVARD STREET,271 Harvard St,1437494061,42.3684900999069,-71.1020511388779,5,77.2846221923828,44.0129356384277,193.886109808312,4000,98
2015-07-21 11:54:26,HARVARD STREET,263 Harvard St,1437494066,42.36845063,-71.10188913,8,150.362609863281,117.090911865234,192.585351770392,4000,98
2015-07-21 11:54:26,HARVARD STREET,263 Harvard St,1437494066,42.36845063,-71.10188913,8,91.0171737670898,57.7454833984375,192.585351770392,4000,98
2015-07-21 11:54:31,HARVARD STREET,123 Prospect St,1437494071,42.36839783,-71.10179823,11,158.530685424805,125.258995056152,188.379887581166,4000,98
2015-07-21 11:54:31,PROSPECT STREET,123 Prospect St,1437494071,42.36839783,-71.10179823,11,158.530685424805,125.258995056152,188.379887581166,4000,98
2015-07-21 11:54:31,PROSPECT STREET,123 Prospect St,1437494071,42.36839783,-71.10179823,11,94.6496124267578,61.3779220581055,188.379887581166,4000,98
2015-07-21 11:54:36,PROSPECT STREET,123 Prospect St,1437494076,42.36836548,-71.10174306,5,82.5717391967773,49.300048828125,187.874688294648,4000,98
2015-07-21 11:54:41,PROSPECT STREET,132 Prospect St,1437494081,42.3683345317841,-71.1016702651978,4,154.509094238281,121.237411499023,187.124805814623,4000,98
2015-07-21 11:54:41,PROSPECT STREET,132 Prospect St,1437494081,42.3683345317841,-71.1016702651978,4,154.509094238281,121.237411499023,187.124805814623,4000,98
2015-07-21 11:54:41,PROSPECT STREET,132 Prospect St,1437494081,42.3683345317841,-71.1016702651978,4,102.236656188965,68.9649658203125,187.124805814623,4000,98
2015-07-21 11:54:46,PROSPECT STREET,259 Harvard St,1437494086,42.3683077096939,-71.1016166210175,4,142.666687011719,109.395004272461,186.191564498031,4000,98
2015-07-21 11:54:46,HARVARD STREET,259 Harvard St,1437494086,42.3683077096939,-71.1016166210175,4,118.467620849609,85.195930480957,186.191564498031,4000,98
2015-07-21 11:54:46,HARVARD STREET,259 Harvard St,1437494086,42.3683077096939,-71.1016166210175,4,118.467620849609,85.195930480957,186.191564498031,4000,98
2015-07-21 11:54:46,HARVARD STREET,259 Harvard St,1437494086,42.3683077096939,-71.1016166210175,4,118.467620849609,85.195930480957,186.191564498031,4000,98
2015-07-21 11:54:51,HARVARD STREET,257 Harvard St,1437494091,42.3682808876038,-71.1015576124191,4,124.527519226074,91.2558288574219,185.872970806321,4000,98
2015-07-21 11:54:51,HARVARD STREET,257 Harvard St,1437494091,42.3682808876038,-71.1015576124191,4,143.969696044922,110.698013305664,185.872970806321,4000,98
2015-07-21 11:54:56,HARVARD STREET,257 Harvard St,1437494096,42.3682433366776,-71.1014932394028,3,138.681427001953,105.409744262695,185.156881270042,4000,98
2015-07-21 11:55:01,HARVARD STREET,253 Harvard St,1437494101,42.3682004213333,-71.1014342308044,6,92.4250946044922,59.1534004211426,184.602307529563,4000,98
2015-07-21 11:55:01,HARVARD STREET,253 Harvard St,1437494101,42.3682004213333,-71.1014342308044,6,307.342681884766,274.070983886719,184.602307529563,4000,98
2015-07-21 11:55:06,HARVARD STREET,251 Harvard St,1437494106,42.3681628704071,-71.1013859510422,3,115.244789123535,81.9730987548828,184.452719620361,4000,98
2015-07-21 11:55:06,HARVARD STREET,251 Harvard St,1437494106,42.3681628704071,-71.1013859510422,3,136.743194580078,103.471496582031,184.452719620361,4000,98
2015-07-21 11:55:11,HARVARD STREET,248 Harvard St,1437494111,42.3681092262268,-71.101359128952,3,122.34204864502,89.0703582763672,183.063646358587,4000,98
2015-07-21 11:55:11,HARVARD STREET,248 Harvard St,1437494111,42.3681092262268,-71.101359128952,3,122.34204864502,89.0703582763672,183.063646358587,4000,98
2015-07-21 11:55:11,HARVARD STREET,248 Harvard St,1437494111,42.3681092262268,-71.101359128952,3,127.344360351563,94.0726699829102,183.063646358587,4000,98
2015-07-21 11:55:16,HARVARD STREET,248 Harvard St,1437494116,42.3680663108826,-71.1012732982636,4,132.257080078125,98.9853973388672,185.387541364622,4000,98
2015-07-21 11:55:21,HARVARD STREET,244 Harvard St,1437494121,42.3680448532104,-71.1012035608292,4,144.462036132813,111.19034576416,186.560994919954,4000,98
2015-07-21 11:55:21,HARVARD STREET,244 Harvard St,1437494121,42.3680448532104,-71.1012035608292,4,134.516540527344,101.244842529297,186.560994919954,4000,98
2015-07-21 11:55:26,HARVARD STREET,242 Harvard St,1437494126,42.3680073022842,-71.1010533571243,4,139.180786132813,105.90909576416,190.595899337285,4000,98
2015-07-21 11:55:26,HARVARD STREET,242 Harvard St,1437494126,42.3680073022842,-71.1010533571243,4,93.5922546386719,60.3205604553223,190.595899337285,4000,98
2015-07-21 11:55:31,HARVARD STREET,242 Harvard St,1437494131,42.3679536581039,-71.1008816957474,3,77.8531188964844,44.5814323425293,188.652633352239,4000,98
2015-07-21 11:55:36,HARVARD STREET,233 Harvard St,1437494136,42.3679322004318,-71.1007261276245,3,148.806274414063,115.53458404541,212.534709631572,4000,98
2015-07-21 11:55:36,HARVARD STREET,233 Harvard St,1437494136,42.3679322004318,-71.1007261276245,3,36.6198997497559,3.34821081161499,212.534709631572,4000,98
2015-07-21 11:55:41,HARVARD STREET,233 Harvard St,1437494141,42.3679322004318,-71.100634932518,3,114.263725280762,80.9920349121094,231.87733349014,4000,98
2015-07-21 11:55:46,HARVARD STREET,231 Harvard St,1437494146,42.36789652,-71.10057503,3,140.810028076172,107.538345336914,211.096047568308,4000,98
2015-07-21 11:55:46,HARVARD STREET,231 Harvard St,1437494146,42.36789652,-71.10057503,3,140.810028076172,107.538345336914,211.096047568308,4000,98
2015-07-21 11:55:47,HARVARD STREET,231 Harvard St,1437494147,42.36789652,-71.10057503,3,140.810028076172,107.538345336914,211.096047568308,4000,98
2015-07-21 11:55:52,HARVARD STREET,231 Harvard St,1437494152,42.36789652,-71.10057503,3,153.73828125,120.466583251953,211.096047568308,4000,98
2015-07-21 11:55:57,HARVARD STREET,231 Harvard St,1437494157,42.3678731918335,-71.1005437374115,3,137.614959716797,104.343269348145,204.159088805493,4000,98
2015-07-21 11:56:02,HARVARD STREET,231 Harvard St,1437494162,42.3678463697433,-71.100457906723,3,94.7186279296875,61.4469337463379,198.443427410405,4000,98
2015-07-21 11:56:06,HARVARD STREET,229 Harvard St,1437494166,42.36778576,-71.10029784,4,84.3131866455078,51.0414924621582,189.280325331191,4000,98
2015-07-21 11:56:07,HARVARD STREET,229 Harvard St,1437494167,42.36778576,-71.10029784,4,84.3131866455078,51.0414924621582,189.280325331191,4000,98
2015-07-21 11:56:12,HARVARD STREET,229 Harvard St,1437494172,42.36774435,-71.10019262,4,168.215057373047,134.943374633789,188.01763407425,4000,97
2015-07-21 11:56:17,HARVARD STREET,229 Harvard St,1437494177,42.3677068948746,-71.1000716686249,4,294.917510986328,261.645812988281,207.798014050331,4000,97
2015-07-21 11:56:21,HARVARD STREET,227 Harvard St,1437494181,42.36771358,-71.10003876,4,311.103149414063,277.831451416016,242.808466123723,4000,97
2015-07-21 11:56:22,HARVARD STREET,227 Harvard St,1437494182,42.36771358,-71.10003876,4,311.103149414063,277.831451416016,242.808466123723,4000,97
2015-07-21 11:56:27,HARVARD STREET,227 Harvard St,1437494187,42.3676908016205,-71.0999804735184,7,97.0157928466797,63.7440986633301,218.216881647981,4000,97
2015-07-21 11:56:32,HARVARD STREET,227 Harvard St,1437494192,42.3676371574402,-71.0998731851578,4,78.2560882568359,44.9843940734863,197.743652778601,4000,97
2015-07-21 11:56:36,HARVARD STREET,223 Harvard St,1437494196,42.3675942420959,-71.0996961593628,3,300.608612060547,267.3369140625,191.867740337667,4000,97
2015-07-21 11:56:37,HARVARD STREET,223 Harvard St,1437494197,42.3675942420959,-71.0996961593628,3,98.9013366699219,65.6296463012695,191.867740337667,4000,97
2015-07-21 11:56:42,HARVARD STREET,223 Harvard St,1437494202,42.3675459623337,-71.0995352268219,4,96.1054382324219,62.8337516784668,189.170135125064,4000,97
2015-07-21 11:56:47,HARVARD STREET,223 Harvard St,1437494207,42.3675137758255,-71.0993957519531,4,106.974151611328,73.7024612426758,192.169236128873,4000,97
2015-07-21 11:56:47,HARVARD STREET,221 Harvard St,1437494207,42.3675137758255,-71.0993957519531,4,102.262451171875,68.9907608032227,192.169236128873,4000,97
2015-07-21 11:56:48,HARVARD STREET,219 Harvard St,1437494208,42.3675137758255,-71.0993582010269,5,112.923675537109,79.651985168457,211.627195775233,4000,97
2015-07-21 11:56:52,HARVARD STREET,219 Harvard St,1437494212,42.36750476,-71.09932213,5,120.248199462891,86.9765090942383,206.215377984059,4000,97
2015-07-21 11:56:56,HARVARD STREET,217 Harvard St,1437494216,42.36746326,-71.09926888,5,129.042785644531,95.7710952758789,196.105345186912,4000,97
2015-07-21 11:56:57,HARVARD STREET,217 Harvard St,1437494217,42.36746326,-71.09926888,5,129.042785644531,95.7710952758789,196.105345186912,4000,97
2015-07-21 11:57:02,HARVARD STREET,217 Harvard St,1437494222,42.3674440383911,-71.0992079973221,4,127.986335754395,94.7146453857422,193.736854828186,4000,97
2015-07-21 11:57:07,HARVARD STREET,217 Harvard St,1437494227,42.3674118518829,-71.0990953445435,4,152.999542236328,119.72785949707,193.461891779466,4000,97
2015-07-21 11:57:12,HARVARD STREET,217 Harvard St,1437494232,42.3673689365387,-71.0990309715271,4,129.60417175293,96.3324813842773,189.400933404362,4000,97
2015-07-21 11:57:17,HARVARD STREET,217 Harvard St,1437494237,42.3673313856125,-71.0989236831665,3,83.6749877929688,50.4033012390137,190.072108055872,4000,97
2015-07-21 11:57:22,HARVARD STREET,217 Harvard St,1437494242,42.3673099279404,-71.0988432168961,3,79.4792175292969,46.2075233459473,189.761709973947,4000,97
2015-07-21 11:57:26,HARVARD STREET,212 Harvard St,1437494246,42.367240190506,-71.0987949371338,4,145.298828125,112.027145385742,185.053880740107,4000,97
2015-07-21 11:57:27,HARVARD STREET,212 Harvard St,1437494247,42.367240190506,-71.0987949371338,4,145.298828125,112.027145385742,185.053880740107,4000,97
2015-07-21 11:57:32,HARVARD STREET,212 Harvard St,1437494252,42.367240190506,-71.0987949371338,4,306.196411132813,272.924713134766,185.053880740107,4000,97
2015-07-21 11:57:36,HARVARD STREET,210 Harvard St,1437494256,42.3672133684158,-71.0987198352814,4,134.422500610352,101.150810241699,189.288225799465,4000,97
2015-07-21 11:57:37,HARVARD STREET,210 Harvard St,1437494257,42.3672133684158,-71.0987198352814,4,134.422500610352,101.150810241699,189.288225799465,4000,97
2015-07-21 11:57:42,HARVARD STREET,210 Harvard St,1437494262,42.3671919107437,-71.0985749959946,4,97.6935806274414,64.4218902587891,211.116414428956,4000,97
2015-07-21 11:57:47,HARVARD STREET,210 Harvard St,1437494267,42.3671543598175,-71.0983818769455,4,91.1601181030273,57.888427734375,197.480740586112,4000,97
2015-07-21 11:57:52,HARVARD STREET,210 Harvard St,1437494272,42.3671275377274,-71.0982102155685,4,79.5899353027344,46.318244934082,196.285637319075,4000,97
2015-07-21 11:57:57,HARVARD STREET,210 Harvard St,1437494277,42.3670899868011,-71.0980385541916,4,156.476806640625,123.205116271973,192.450506348566,4000,97
2015-07-21 11:58:01,HARVARD STREET,199 Harvard St,1437494281,42.3670524358749,-71.0979098081589,4,84.0139999389648,50.7423095703125,189.973583013918,4000,97
2015-07-21 11:58:02,HARVARD STREET,199 Harvard St,1437494282,42.3670524358749,-71.0979098081589,4,296.893798828125,263.622100830078,189.973583013918,4000,97
2015-07-21 11:58:07,HARVARD STREET,199 Harvard St,1437494287,42.3670363426209,-71.0978025197983,3,143.264770507813,109.99308013916,193.950636618825,4000,97
2015-07-21 11:58:12,HARVARD STREET,199 Harvard St,1437494292,42.3670363426209,-71.0978025197983,3,275.309814453125,242.038116455078,193.950636618825,4000,97
2015-07-21 11:58:16,HARVARD STREET,160 Columbia St,1437494296,42.3670148849487,-71.0977917909622,3,146.960601806641,113.688919067383,190.781427014824,4000,97
2015-07-21 11:58:16,HARVARD STREET,160 Columbia St,1437494296,42.3670148849487,-71.0977917909622,3,146.960601806641,113.688919067383,190.781427014824,4000,97
2015-07-21 11:58:17,COLUMBIA STREET,160 Columbia St,1437494297,42.3670148849487,-71.0977917909622,3,146.960601806641,113.688919067383,190.781427014824,4000,97
2015-07-21 11:58:17,COLUMBIA STREET,160 Columbia St,1437494297,42.3670148849487,-71.0977917909622,3,146.960601806641,113.688919067383,190.781427014824,4000,97
2015-07-21 11:58:17,COLUMBIA STREET,160 Columbia St,1437494297,42.3670148849487,-71.0977917909622,3,125.989532470703,92.7178421020508,190.781427014824,4000,97
2015-07-21 11:58:22,COLUMBIA STREET,195 Harvard St,1437494302,42.3669934272766,-71.0977327823639,3,125.280342102051,92.0086517333984,189.926387002944,4000,97
2015-07-21 11:58:22,COLUMBIA STREET,195 Harvard St,1437494302,42.3669934272766,-71.0977327823639,3,125.280342102051,92.0086517333984,189.926387002944,4000,97
2015-07-21 11:58:22,HARVARD STREET,195 Harvard St,1437494302,42.3669934272766,-71.0977327823639,3,125.280342102051,92.0086517333984,189.926387002944,4000,97
2015-07-21 11:58:22,HARVARD STREET,195 Harvard St,1437494302,42.3669934272766,-71.0977327823639,3,129.745819091797,96.47412109375,189.926387002944,4000,97
2015-07-21 11:58:27,HARVARD STREET,195 Harvard St,1437494307,42.3669826984406,-71.0976684093475,4,126.423049926758,93.1513595581055,192.124072707195,4000,97
2015-07-21 11:58:32,HARVARD STREET,195 Harvard St,1437494312,42.3669666051865,-71.0975933074951,4,134.094818115234,100.823127746582,193.146946394523,4000,97
2015-07-21 11:58:37,HARVARD STREET,195 Harvard St,1437494317,42.3669451475143,-71.0974538326263,3,145.850006103516,112.578308105469,228.83882814835,4000,97
2015-07-21 11:58:42,HARVARD STREET,195 Harvard St,1437494322,42.3669344186783,-71.097384095192,3,141.252166748047,107.980476379395,226.250233530658,4000,97
2015-07-21 11:58:47,HARVARD STREET,195 Harvard St,1437494327,42.3669022321701,-71.0972821712494,4,137.222473144531,103.950782775879,204.14973304567,4000,97
2015-07-21 11:58:52,HARVARD STREET,Pine St & Harvard St,1437494332,42.366880774498,-71.0972499847412,3,117.015785217285,83.7440948486328,199.069259111156,4000,97
2015-07-21 11:58:52,HARVARD STREET,Pine St & Harvard St,1437494332,42.366880774498,-71.0972499847412,3,117.015785217285,83.7440948486328,199.069259111156,4000,97
2015-07-21 11:58:52,PINE STREET & HARVARD STREET,Pine St & Harvard St,1437494332,42.366880774498,-71.0972499847412,3,117.015785217285,83.7440948486328,199.069259111156,4000,97
2015-07-21 11:58:52,PINE STREET & HARVARD STREET,Pine St & Harvard St,1437494332,42.366880774498,-71.0972499847412,3,166.964965820313,133.693283081055,199.069259111156,4000,97
2015-07-21 11:58:57,PINE STREET & HARVARD STREET,Pine St & Harvard St,1437494337,42.3668110370636,-71.0971212387085,3,144.220672607422,110.948974609375,189.067520276511,4000,97
2015-07-21 11:59:02,PINE STREET & HARVARD STREET,Pine St & Harvard St,1437494342,42.3667681217194,-71.0970783233643,3,186.839752197266,153.568069458008,186.180292470041,4000,97
2015-07-21 11:59:07,PINE STREET & HARVARD STREET,Pine St & Harvard St,1437494347,42.3667144775391,-71.0970568656921,3,119.953384399414,86.6816940307617,183.925163366163,4000,97
2015-07-21 11:59:12,PINE STREET & HARVARD STREET,Pine St & Harvard St,1437494352,42.3666769266129,-71.0970139503479,3,124.50700378418,91.2353134155273,183.543561713426,4000,97
2015-07-21 11:59:17,PINE STREET & HARVARD STREET,Pine St & Harvard St,1437494357,42.3666393756866,-71.0969495773315,4,117.785301208496,84.5136108398438,183.972184887509,4000,97
2015-07-21 11:59:22,PINE STREET & HARVARD STREET,Pine St & Harvard St,1437494362,42.3666286468506,-71.0968208312988,4,113.751846313477,80.4801559448242,210.749378550877,4000,97
2015-07-21 11:59:27,PINE STREET & HARVARD STREET,183 Harvard St,1437494367,42.3666286468506,-71.0967779159546,4,119.508316040039,86.2366256713867,225.562340962283,4000,97
2015-07-21 11:59:27,HARVARD STREET,183 Harvard St,1437494367,42.3666286468506,-71.0967779159546,4,124.82300567627,91.5513153076172,225.562340962283,4000,97
2015-07-21 11:59:27,HARVARD STREET,183 Harvard St,1437494367,42.3666286468506,-71.0967779159546,4,124.82300567627,91.5513153076172,225.562340962283,4000,97
2015-07-21 11:59:32,HARVARD STREET,183 Harvard St,1437494372,42.3665964603424,-71.0967189073563,5,121.087295532227,87.8156051635742,207.869118417539,4000,97
2015-07-21 11:59:37,HARVARD STREET,183 Harvard St,1437494377,42.36654579,-71.09661883,4,159.028137207031,125.756454467773,194.88303985072,4000,97
2015-07-21 11:59:42,HARVARD STREET,183 Harvard St,1437494382,42.3664838075638,-71.096493601799,4,144.753021240234,111.481338500977,188.260595563798,4000,97
2015-07-21 11:59:47,HARVARD STREET,183 Harvard St,1437494387,42.3664408922195,-71.0963380336761,3,132.843200683594,99.5715026855469,190.918449074417,4000,97
2015-07-21 11:59:52,HARVARD STREET,183 Harvard St,1437494392,42.36641158,-71.09625473,3,95.641357421875,62.3696708679199,189.233150061814,4000,97
2015-07-21 11:59:57,HARVARD STREET,175 Harvard St,1437494397,42.3663818836212,-71.0962039232254,3,127.378204345703,94.1065139770508,187.595388216045,4000,97
2015-07-21 11:59:57,HARVARD STREET,175 Harvard St,1437494397,42.3663818836212,-71.0962039232254,3,116.389625549316,83.1179351806641,187.595388216045,4000,97
2015-07-21 12:00:02,HARVARD STREET,175 Harvard St,1437494402,42.3663711547852,-71.0960966348648,4,135.85791015625,102.586212158203,211.455056714474,4000,97
2015-07-21 12:00:07,HARVARD STREET,175 Harvard St,1437494407,42.3663604259491,-71.0960322618485,3,130.942199707031,97.6705017089844,204.321143326508,4000,97
2015-07-21 12:00:12,HARVARD STREET,175 Harvard St,1437494412,42.366338968277,-71.0959732532501,4,176.027648925781,142.755950927734,196.736407516498,4000,97
2015-07-21 12:00:17,HARVARD STREET,175 Harvard St,1437494417,42.3663282394409,-71.0959410667419,4,318.361541748047,285.08984375,194.48105653428,4000,97
2015-07-21 12:00:22,HARVARD STREET,175 Harvard St,1437494422,42.3663282394409,-71.0959410667419,4,329.792175292969,296.520477294922,194.48105653428,4000,97
2015-07-21 12:00:27,HARVARD STREET,175 Harvard St,1437494427,42.3662853240967,-71.0958874225616,3,1.310791015625,328.039093017578,189.600299707078,4000,97
2015-07-21 12:00:32,HARVARD STREET,175 Harvard St,1437494432,42.3662531375885,-71.0957318544388,3,154.874481201172,121.602798461914,191.183861354763,4000,97
2015-07-21 12:00:37,HARVARD STREET,169 Harvard St,1437494437,42.3662102222443,-71.0956299304962,3,119.758735656738,86.4870452880859,188.955329355089,4000,97
2015-07-21 12:00:37,HARVARD STREET,169 Harvard St,1437494437,42.3662102222443,-71.0956299304962,3,119.758735656738,86.4870452880859,188.955329355089,4000,97
2015-07-21 12:00:42,HARVARD STREET,167 Harvard St,1437494442,42.3661780357361,-71.0955494642258,3,98.054313659668,64.7826232910156,188.260638839311,4000,97
2015-07-21 12:00:42,HARVARD STREET,167 Harvard St,1437494442,42.3661780357361,-71.0955494642258,3,98.054313659668,64.7826232910156,188.260638839311,4000,97
2015-07-21 12:00:47,HARVARD STREET,167 Harvard St,1437494447,42.3661351203918,-71.0955172777176,4,82.0347595214844,48.7630653381348,185.498699282187,4000,97
2015-07-21 12:00:52,HARVARD STREET,Harvard St,1437494452,42.3661082983017,-71.0954582691193,3,86.2363586425781,52.9646682739258,185.627263208512,4000,97
2015-07-21 12:00:52,HARVARD STREET,Harvard St,1437494452,42.3661082983017,-71.0954582691193,3,86.2363586425781,52.9646682739258,185.627263208512,4000,97
2015-07-21 12:00:57,HARVARD STREET,Harvard St,1437494457,42.36610778,-71.09538845,6,113.251174926758,79.9794845581055,227.266804300065,4000,97
2015-07-21 12:01:02,HARVARD STREET,Harvard St,1437494462,42.3660653829575,-71.0952812433243,3,134.001693725586,100.730003356934,199.525862922799,4000,97
2015-07-21 12:01:07,HARVARD STREET,161 Harvard St,1437494467,42.36601057,-71.09513363,3,127.223754882813,93.9520645141602,191.114123205125,4000,97
2015-07-21 12:01:07,HARVARD STREET,161 Harvard St,1437494467,42.36601057,-71.09513363,3,127.223754882813,93.9520645141602,191.114123205125,4000,97
2015-07-21 12:01:07,HARVARD STREET,161 Harvard St,1437494467,42.3660010099411,-71.0951042175293,3,127.223754882813,93.9520645141602,190.327105548137,4000,97
2015-07-21 12:01:12,HARVARD STREET,161 Harvard St,1437494472,42.36596478,-71.09502413,3,115.172477722168,81.9007873535156,188.306968427563,4000,97
2015-07-21 12:01:17,HARVARD STREET,161 Harvard St,1437494477,42.3659312725067,-71.0949593782425,3,102.295082092285,69.0233917236328,186.250869781109,4000,97
2015-07-21 12:01:22,HARVARD STREET,161 Harvard St,1437494482,42.3658937215805,-71.0949057340622,3,82.0887680053711,48.8170776367188,185.503579910006,4000,96
2015-07-21 12:01:27,HARVARD STREET,161 Harvard St,1437494487,42.3658937215805,-71.0949057340622,3,91.4917907714844,58.220100402832,185.503579910006,4000,96
2015-07-21 12:01:32,HARVARD STREET,161 Harvard St,1437494492,42.3658722639084,-71.0948520898819,4,80.302734375,47.0310401916504,185.941614673577,4000,96
2015-07-21 12:01:37,HARVARD STREET,161 Harvard St,1437494497,42.3658347129822,-71.0947716236115,3,116.689804077148,83.4181137084961,185.870694573289,4000,96
2015-07-21 12:01:42,HARVARD STREET,161 Harvard St,1437494502,42.3657703399658,-71.0946428775787,3,109.019432067871,75.7477416992188,185.451574218907,4000,96
2015-07-21 12:01:47,HARVARD STREET,161 Harvard St,1437494507,42.3657059669495,-71.0944980382919,3,132.548736572266,99.2770385742188,185.891296165374,4000,96
2015-07-21 12:01:52,HARVARD STREET,161 Harvard St,1437494512,42.3656523227692,-71.0943692922592,3,147.933441162109,114.661758422852,186.233457322946,4000,96
2015-07-21 12:01:57,HARVARD STREET,143 Harvard St,1437494517,42.365625500679,-71.0942834615707,3,180.061737060547,146.7900390625,187.411959944969,4000,96
2015-07-21 12:01:57,HARVARD STREET,143 Harvard St,1437494517,42.365625500679,-71.0942834615707,3,180.061737060547,146.7900390625,187.411959944969,4000,96
2015-07-21 12:01:57,HARVARD STREET,143 Harvard St,1437494517,42.365625500679,-71.0942834615707,3,180.061737060547,146.7900390625,187.411959944969,4000,96
2015-07-21 12:02:02,HARVARD STREET,143 Harvard St,1437494522,42.3655806,-71.09417083,3,132.552947998047,99.2812652587891,186.911797524823,4000,96
2015-07-21 12:02:07,HARVARD STREET,14 Moore St,1437494527,42.3655557632446,-71.0940796136856,7,99.6001968383789,66.3285064697266,188.165593475005,4000,96
2015-07-21 12:02:07,HARVARD STREET,14 Moore St,1437494527,42.3655557632446,-71.0940796136856,7,99.6001968383789,66.3285064697266,188.165593475005,4000,96
2015-07-21 12:02:07,MOORE STREET,14 Moore St,1437494527,42.3655557632446,-71.0940796136856,7,125.185638427734,91.913948059082,188.165593475005,4000,96
2015-07-21 12:02:07,MOORE STREET,14 Moore St,1437494527,42.3655557632446,-71.0940796136856,7,125.185638427734,91.913948059082,188.165593475005,4000,96
2015-07-21 12:02:07,MOORE STREET,14 Moore St,1437494527,42.3655396699905,-71.0940581560135,4,125.185638427734,91.913948059082,187.000584834265,4000,96
2015-07-21 12:02:12,MOORE STREET,14 Moore St,1437494532,42.3654967546463,-71.0939884185791,3,122.38606262207,89.114372253418,185.827677577633,4000,96
2015-07-21 12:02:17,MOORE STREET,14 Moore St,1437494537,42.365437746048,-71.0938757658005,3,97.9077377319336,64.6360473632813,185.407561881417,4000,96
2015-07-21 12:02:22,MOORE STREET,14 Moore St,1437494542,42.36541455,-71.09380501,3,96.7127685546875,63.4410781860352,187.230575298619,4000,96
2015-07-21 12:02:27,MOORE STREET,14 Moore St,1437494547,42.3653841018677,-71.0937094688416,3,120.665313720703,87.3936233520508,189.124731048222,4000,96
2015-07-21 12:02:32,MOORE STREET,129 Harvard St,1437494552,42.3653680086136,-71.0936772823334,3,96.8134307861328,63.5417442321777,188.160962026049,4000,96
2015-07-21 12:02:32,MOORE STREET,129 Harvard St,1437494552,42.3653680086136,-71.0936772823334,3,96.8134307861328,63.5417442321777,188.160962026049,4000,96
2015-07-21 12:02:32,HARVARD STREET,129 Harvard St,1437494552,42.3653680086136,-71.0936772823334,3,96.8134307861328,63.5417442321777,188.160962026049,4000,96
2015-07-21 12:02:32,HARVARD STREET,129 Harvard St,1437494552,42.3653680086136,-71.0936772823334,3,96.8134307861328,63.5417442321777,188.160962026049,4000,96
2015-07-21 12:02:37,HARVARD STREET,129 Harvard St,1437494557,42.3653519153595,-71.0936504602432,3,81.0317764282227,47.7600860595703,187.219893071574,4000,96
2015-07-21 12:02:42,HARVARD STREET,129 Harvard St,1437494562,42.3653304576874,-71.0936343669891,3,91.9139404296875,58.6422462463379,185.910552170633,4000,96
2015-07-21 12:02:47,HARVARD STREET,127 Harvard St,1437494567,42.3653197288513,-71.0935485363007,4,86.9249572753906,53.653263092041,223.837129450623,4000,96
2015-07-21 12:02:47,HARVARD STREET,127 Harvard St,1437494567,42.3653197288513,-71.0935485363007,4,86.9249572753906,53.653263092041,223.837129450623,4000,96
2015-07-21 12:02:52,HARVARD STREET,125 Harvard St,1437494572,42.3653090000153,-71.0934680700302,5,93.6272583007813,60.3555717468262,233.140817390249,4000,96
2015-07-21 12:02:52,HARVARD STREET,125 Harvard St,1437494572,42.36528984,-71.09344108,6,93.6272583007813,60.3555717468262,220.786397870263,4000,96
2015-07-21 12:02:57,HARVARD STREET,125 Harvard St,1437494577,42.365266084671,-71.0934036970139,7,109.751800537109,76.480110168457,211.629780316283,4000,96
2015-07-21 12:03:02,HARVARD STREET,125 Harvard St,1437494582,42.3651856184006,-71.0933071374893,7,111.588394165039,78.3167037963867,195.209979772033,4000,96
2015-07-21 12:03:07,HARVARD STREET,Harvard St & Davis St,1437494587,42.3651373386383,-71.0932642221451,7,144.978485107422,111.706802368164,189.771364752839,4000,96
2015-07-21 12:03:07,HARVARD STREET & DAVIS STREET,Harvard St & Davis St,1437494587,42.36512071,-71.09322,7,144.978485107422,111.706802368164,189.085785828156,4000,96
2015-07-21 12:03:07,HARVARD STREET & DAVIS STREET,Harvard St & Davis St,1437494587,42.36512071,-71.09322,7,144.978485107422,111.706802368164,189.085785828156,4000,96
2015-07-21 12:03:12,HARVARD STREET & DAVIS STREET,93 Harvard St,1437494592,42.3651051521301,-71.0931140184402,7,144.543395996094,111.271713256836,193.842347708866,4000,96
2015-07-21 12:03:12,HARVARD STREET,93 Harvard St,1437494592,42.3651051521301,-71.0931140184402,7,144.543395996094,111.271713256836,193.842347708866,4000,96
2015-07-21 12:03:12,HARVARD STREET,93 Harvard St,1437494592,42.3651051521301,-71.0931140184402,7,144.543395996094,111.271713256836,193.842347708866,4000,96
2015-07-21 12:03:17,HARVARD STREET,93 Harvard St,1437494597,42.3650300502777,-71.0930281877518,6,110.658248901367,77.3865585327148,187.562904895239,4000,96
2015-07-21 12:03:22,HARVARD STREET,93 Harvard St,1437494602,42.36494773,-71.09294092,6,117.352607727051,84.0809173583984,184.84500474514,4000,96
2015-07-21 12:03:27,HARVARD STREET,40 Harvard St,1437494607,42.3649227619171,-71.0928350687027,4,150.654144287109,117.382446289063,206.26832202906,4000,96
2015-07-21 12:03:27,HARVARD STREET,40 Harvard St,1437494607,42.3649227619171,-71.0928350687027,4,145.842468261719,112.570770263672,206.26832202906,4000,96
2015-07-21 12:03:32,HARVARD STREET,27 Harvard St,1437494612,42.36488852,-71.09272411,4,142.165084838867,108.893394470215,196.67185050976,4000,96
2015-07-21 12:03:32,HARVARD STREET,27 Harvard St,1437494612,42.36488852,-71.09272411,4,125.777481079102,92.5057907104492,196.67185050976,4000,96
2015-07-21 12:03:37,HARVARD STREET,27 Harvard St,1437494617,42.3648422956467,-71.09270632267,4,191.165008544922,157.893310546875,189.796105015724,4000,96
2015-07-21 12:03:42,HARVARD STREET,27 Harvard St,1437494622,42.3647886514664,-71.0926955938339,7,189.174499511719,155.902801513672,185.747102450173,4000,96
2015-07-21 12:03:47,HARVARD STREET,119 Portland St,1437494627,42.3647671937943,-71.0927224159241,3,201.929779052734,168.658081054688,273.474817170823,4000,96
2015-07-21 12:03:47,PORTLAND STREET,119 Portland St,1437494627,42.3647671937943,-71.0927224159241,3,201.929779052734,168.658081054688,273.474817170823,4000,96
2015-07-21 12:03:47,PORTLAND STREET,119 Portland St,1437494627,42.3647671937943,-71.0927224159241,3,232.734283447266,199.462600708008,273.474817170823,4000,96
2015-07-21 12:03:52,PORTLAND STREET,115 Portland St,1437494632,42.3646813631058,-71.0927760601044,4,190.835083007813,157.563385009766,66.5743508763774,4000,96
2015-07-21 12:03:52,PORTLAND STREET,115 Portland St,1437494632,42.3646813631058,-71.0927760601044,4,242.339508056641,209.067825317383,66.5743508763774,4000,96
2015-07-21 12:03:57,PORTLAND STREET,115 Portland St,1437494637,42.36460668,-71.09282212,5,228.600311279297,195.32861328125,131.202793534095,4000,94
2015-07-21 12:04:02,PORTLAND STREET,107 Portland St,1437494642,42.3645526170731,-71.0929155349731,5,261.342926025391,228.071228027344,156.351446430573,4000,94
2015-07-21 12:04:07,PORTLAND STREET,103 Portland St,1437494647,42.3644989728928,-71.0929638147354,4,248.032104492188,214.760406494141,165.655443268295,4000,94
2015-07-21 12:04:07,PORTLAND STREET,103 Portland St,1437494647,42.3644989728928,-71.0929638147354,4,250.841125488281,217.569427490234,165.655443268295,4000,94
2015-07-21 12:04:12,PORTLAND STREET,103 Portland St,1437494652,42.3644560575485,-71.0929906368256,5,256.265350341797,222.99365234375,171.173737257707,4000,94
2015-07-21 12:04:17,PORTLAND STREET,103 Portland St,1437494657,42.3644024133682,-71.0930067300797,5,259.291107177734,226.019424438477,174.664407510366,4000,94
2015-07-21 12:04:22,PORTLAND STREET,103 Portland St,1437494662,42.3643434047699,-71.0930067300797,5,214.949096679688,181.67741394043,86.9386773977521,4000,94
2015-07-21 12:04:22,PORTLAND STREET,Technology Sq & Portland St,1437494662,42.3643434047699,-71.0930067300797,5,214.949096679688,181.67741394043,86.9386773977521,4000,94
2015-07-21 12:04:23,TECHNOLOGY SQ & PORTLAND ST,Technology Sq & Portland St,1437494663,42.3643434047699,-71.0930067300797,5,214.949096679688,181.67741394043,86.9386773977521,4000,94
2015-07-21 12:04:23,TECHNOLOGY SQ & PORTLAND ST,Technology Sq & Portland St,1437494663,42.3643434047699,-71.0930067300797,5,214.949096679688,181.67741394043,86.9386773977521,4000,94
2015-07-21 12:04:27,TECHNOLOGY SQ & PORTLAND ST,Technology Sq & Portland St,1437494667,42.3643058538437,-71.0929530858994,6,66.8301391601563,33.5584526062012,332.006830790598,4000,94
2015-07-21 12:04:27,TECHNOLOGY SQ & PORTLAND ST,93 Portland St,1437494667,42.3643058538437,-71.0929530858994,6,66.8301391601563,33.5584526062012,332.006830790598,4000,94
2015-07-21 12:04:28,PORTLAND STREET,93 Portland St,1437494668,42.3643058538437,-71.0929530858994,6,66.8301391601563,33.5584526062012,332.006830790598,4000,94
2015-07-21 12:04:32,PORTLAND STREET,93 Portland St,1437494672,42.3642683029175,-71.0928350687027,6,104.896270751953,71.6245803833008,250.453526783734,4000,94
2015-07-21 12:04:37,PORTLAND STREET,93 Portland St,1437494677,42.3642790317535,-71.0926902294159,3,82.2152709960938,48.9435806274414,285.505046392015,4000,94
2015-07-21 12:04:42,PORTLAND STREET,93 Portland St,1437494682,42.3642468452454,-71.0925507545471,4,94.4819869995117,61.2102966308594,231.82616119644,4000,94
2015-07-21 12:04:43,PORTLAND STREET,848 Technology Sq,1437494683,42.3642468452454,-71.0925507545471,4,94.4819869995117,61.2102966308594,231.82616119644,4000,94
2015-07-21 12:04:43,PORTLAND STREET,848 Technology Sq,1437494683,42.3642468452454,-71.0925507545471,4,94.4819869995117,61.2102966308594,231.82616119644,4000,94
2015-07-21 12:04:43,PORTLAND STREET,848 Technology Sq,1437494683,42.3642468452454,-71.0925507545471,4,94.4819869995117,61.2102966308594,231.82616119644,4000,94
2015-07-21 12:04:43,TECHNOLOGY SQUARE,848 Technology Sq,1437494683,42.3642468452454,-71.0925507545471,4,94.4819869995117,61.2102966308594,231.82616119644,4000,94
2015-07-21 12:04:47,TECHNOLOGY SQUARE,848 Technology Sq,1437494687,42.36422317,-71.09247897,5,113.421272277832,80.1495819091797,213.578367513855,4000,94
2015-07-21 12:04:52,TECHNOLOGY SQUARE,848 Technology Sq,1437494692,42.3642146587372,-71.0924112796783,5,95.7007751464844,62.429084777832,241.222554938608,4000,94
2015-07-21 12:04:57,TECHNOLOGY SQUARE,848 Technology Sq,1437494697,42.36426579,-71.09235351,10,120.469390869141,87.1977005004883,307.225661435819,4000,94
2015-07-21 12:04:58,TECHNOLOGY SQUARE,Technology Sq,1437494698,42.36426579,-71.09235351,10,120.469390869141,87.1977005004883,307.225661435819,4000,94
2015-07-21 12:05:02,TECHNOLOGY SQUARE,Technology Sq,1437494702,42.36427466,-71.09227617,12,128.351043701172,95.0793609619141,294.835307029244,4000,94
2015-07-21 12:05:07,TECHNOLOGY SQUARE,Technology Sq,1437494707,42.3642736673355,-71.0922020673752,10,71.0095520019531,37.737865447998,271.408417364378,4000,94
2015-07-21 12:05:12,TECHNOLOGY SQUARE,Technology Sq,1437494712,42.36424114,-71.09210691,11,71.1143493652344,37.8426628112793,227.943953858255,4000,94
2015-07-21 12:05:17,TECHNOLOGY SQUARE,Technology Sq,1437494717,42.36423418,-71.09204212,11,71.9595489501953,38.6878623962402,239.193125941765,4000,94
2015-07-21 12:05:22,TECHNOLOGY SQUARE,Technology Sq,1437494722,42.36416431,-71.09191695,10,82.2053985595703,48.933708190918,203.285406061104,4000,94
2015-07-21 12:05:27,TECHNOLOGY SQUARE,Technology Sq,1437494727,42.36411002,-71.09180068,12,82.9111328125,49.6394462585449,193.319410858112,4000,94
2015-07-21 12:05:32,TECHNOLOGY SQUARE,Technology Sq,1437494732,42.3640912771225,-71.0916870832443,4,121.499847412109,88.228157043457,211.193069738609,4000,94
2015-07-21 12:05:33,TECHNOLOGY SQUARE,733 Technology Sq,1437494733,42.3640912771225,-71.0916870832443,4,121.499847412109,88.228157043457,211.193069738609,4000,94
2015-07-21 12:05:37,TECHNOLOGY SQUARE,733 Technology Sq,1437494737,42.3640751838684,-71.0915851593018,4,123.010932922363,89.7392425537109,205.311769608886,4000,94
2015-07-21 12:05:38,TECHNOLOGY SQUARE,719 Technology Sq,1437494738,42.3640751838684,-71.0915851593018,4,123.010932922363,89.7392425537109,205.311769608886,4000,94
2015-07-21 12:05:42,TECHNOLOGY SQUARE,719 Technology Sq,1437494742,42.3640108108521,-71.0914939641953,4,155.286590576172,122.01490020752,192.927911582856,4000,94
2015-07-21 12:05:47,TECHNOLOGY SQUARE,719 Technology Sq,1437494747,42.3639303445816,-71.0914295911789,4,122.393249511719,89.1215591430664,186.844549757157,4000,94
2015-07-21 12:05:52,TECHNOLOGY SQUARE,719 Technology Sq,1437494752,42.3638927936554,-71.0913544893265,5,87.0156097412109,53.7439155578613,186.423535811423,4000,94
2015-07-21 12:05:53,TECHNOLOGY SQUARE,381 Technology Sq,1437494753,42.3638927936554,-71.0913544893265,5,87.0156097412109,53.7439155578613,186.423535811423,4000,94
2015-07-21 12:05:57,TECHNOLOGY SQUARE,381 Technology Sq,1437494757,42.3638391494751,-71.091268658638,3,109.097351074219,75.8256607055664,185.47428400757,4000,94
2015-07-21 12:06:02,TECHNOLOGY SQUARE,381 Technology Sq,1437494762,42.3637747764587,-71.0912364721298,6,68.6439666748047,35.3722724914551,183.676943951134,4000,94
2015-07-21 12:06:03,TECHNOLOGY SQUARE,369 Technology Sq,1437494763,42.3637747764587,-71.0912364721298,6,68.6439666748047,35.3722724914551,183.676943951134,4000,94
2015-07-21 12:06:07,TECHNOLOGY SQUARE,369 Technology Sq,1437494767,42.3637318611145,-71.0912311077118,5,88.3100433349609,55.0383567810059,272.110757905644,4000,94
2015-07-21 12:06:12,TECHNOLOGY SQUARE,369 Technology Sq,1437494772,42.3636138439178,-71.0912793874741,4,88.6773376464844,55.405647277832,94.5861030546011,4000,94
2015-07-21 12:06:13,TECHNOLOGY SQUARE,357 Technology Sq,1437494773,42.3636138439178,-71.0912793874741,4,179.214813232422,145.943115234375,94.5861030546011,4000,94
2015-07-21 12:06:17,TECHNOLOGY SQUARE,357 Technology Sq,1437494777,42.36349844,-71.09128138,5,114.561958312988,81.2902679443359,355.508757311993,4000,94
2015-07-21 12:06:22,TECHNOLOGY SQUARE,357 Technology Sq,1437494782,42.3634089,-71.09127213,8,227.669464111328,194.397766113281,321.697004611297,4000,94
2015-07-21 12:06:27,TECHNOLOGY SQUARE,357 Technology Sq,1437494787,42.3634099960327,-71.0912418365479,9,284.762329101563,251.490631103516,318.014420314228,4000,94
2015-07-21 12:06:32,TECHNOLOGY SQUARE,357 Technology Sq,1437494792,42.3633617162704,-71.0912525653839,7,127.219223022461,93.9475326538086,54.8660995467079,4000,94
2015-07-21 12:06:37,TECHNOLOGY SQUARE,357 Technology Sq,1437494797,42.36328125,-71.0912847518921,7,185.829986572266,152.558288574219,126.57814120957,4000,94
2015-07-21 12:06:42,TECHNOLOGY SQUARE,357 Technology Sq,1437494802,42.36322419,-71.0912782,11,155.391387939453,122.119697570801,352.632274062576,4000,94
2015-07-21 12:06:48,TECHNOLOGY SQUARE,357 Technology Sq,1437494808,42.3631578683853,-71.0913115739822,9,165.089477539063,131.817794799805,100.085417821121,4000,94
2015-07-21 12:06:53,TECHNOLOGY SQUARE,357 Technology Sq,1437494813,42.3630559444427,-71.0913652181625,8,163.118957519531,129.847259521484,153.669145067674,4000,94
2015-07-21 12:06:58,TECHNOLOGY SQUARE,357 Technology Sq,1437494818,42.36296935,-71.09139011,9,151.711853027344,118.440162658691,168.388066979656,4000,94
2015-07-21 12:07:03,TECHNOLOGY SQUARE,357 Technology Sq,1437494823,42.3628735542297,-71.0914242267609,8,196.699249267578,163.42756652832,174.570966642851,4000,94
2015-07-21 12:07:03,TECHNOLOGY SQUARE,547 Main St,1437494823,42.3628735542297,-71.0914242267609,8,166.264007568359,132.992324829102,174.570966642851,4000,94
2015-07-21 12:07:03,MAIN STREET,547 Main St,1437494823,42.3628735542297,-71.0914242267609,8,166.264007568359,132.992324829102,174.570966642851,4000,94
2015-07-21 12:07:08,MAIN STREET,547 Main St,1437494828,42.36279573,-71.0913338,6,89.3736877441406,56.1020011901855,332.042330995356,4000,94
2015-07-21 12:07:13,MAIN STREET,547 Main St,1437494833,42.3627823591232,-71.0911506414413,5,98.2161560058594,64.944465637207,271.681274095781,4000,94
2015-07-21 12:07:13,MAIN STREET,Main St,1437494833,42.3627823591232,-71.0911506414413,5,93.7432022094727,60.4715118408203,271.681274095781,4000,94
2015-07-21 12:07:18,MAIN STREET,Main St,1437494838,42.3627769947052,-71.0911130905151,6,96.2214050292969,62.9497108459473,253.46745333217,4000,94
2015-07-21 12:07:23,MAIN STREET,Main St,1437494843,42.36276774,-71.09108353,6,92.8887939453125,59.6170997619629,237.311629083303,4000,94
2015-07-21 12:07:28,MAIN STREET,Main St,1437494848,42.36275441,-71.09100743,6,93.5398406982422,60.2681465148926,219.154373172115,4000,94
2015-07-21 12:07:33,MAIN STREET,Main St,1437494853,42.3627823591232,-71.0908716917038,4,93.9169921875,60.6452980041504,293.145691480882,4000,94
2015-07-21 12:07:38,MAIN STREET,Main St,1437494858,42.3627930879593,-71.0907644033432,5,102.705268859863,69.4335784912109,311.036288481332,4000,94
2015-07-21 12:07:43,MAIN STREET,Main St,1437494863,42.3628199100494,-71.0906195640564,7,96.1533889770508,62.8816986083984,330.623033825737,4000,94
2015-07-21 12:07:48,MAIN STREET,Main St,1437494868,42.3628145456314,-71.090549826622,7,101.661514282227,68.3898239135742,290.277849577202,4000,94
2015-07-21 12:07:48,MAIN STREET,531 Main St,1437494868,42.3628145456314,-71.090549826622,7,86.3755645751953,53.1038703918457,290.277849577202,4000,94
2015-07-21 12:07:48,MAIN STREET,531 Main St,1437494868,42.3628145456314,-71.090549826622,7,86.3755645751953,53.1038703918457,290.277849577202,4000,94
2015-07-21 12:07:53,MAIN STREET,531 Main St,1437494873,42.3628467321396,-71.0904157161713,7,98.7421417236328,65.4704513549805,324.273050763326,4000,94
2015-07-21 12:07:58,MAIN STREET,531 Main St,1437494878,42.36283622,-71.09028898,7,93.0290832519531,59.7573890686035,261.933655280543,4000,94
2015-07-21 12:08:03,MAIN STREET,531 Main St,1437494883,42.36282197,-71.09019297,11,64.4079513549805,31.1362609863281,234.124534313435,4000,94
2015-07-21 12:08:08,MAIN STREET,531 Main St,1437494888,42.36277725,-71.09017192,12,64.4306411743164,31.1589508056641,301.032468836467,4000,94
2015-07-21 12:08:13,MAIN STREET,531 Main St,1437494893,42.36276405,-71.09011307,12,71.0207977294922,37.7491111755371,238.870893425817,4000,94
2015-07-21 12:08:13,MAIN STREET,513 Main St,1437494893,42.36276405,-71.09011307,12,114.500015258789,81.2283248901367,238.870893425817,4000,94
2015-07-21 12:08:18,MAIN STREET,513 Main St,1437494898,42.36276138,-71.09003382,11,57.0828704833984,23.8111801147461,247.244682273283,4000,94
2015-07-21 12:08:23,MAIN STREET,513 Main St,1437494903,42.36275182,-71.08994265,11,69.8314971923828,36.5598068237305,225.773264107532,4000,94
2015-07-21 12:08:23,MAIN STREET,Galileo Galilei Way,1437494903,42.36275182,-71.08994265,11,111.087188720703,77.8154983520508,225.773264107532,4000,94
2015-07-21 12:08:23,MAIN STREET,Galileo Galilei Way,1437494903,42.36275182,-71.08994265,11,111.087188720703,77.8154983520508,225.773264107532,4000,94
2015-07-21 12:08:23,GALILEO GALILEI WAY,Galileo Galilei Way,1437494903,42.36275182,-71.08994265,11,111.087188720703,77.8154983520508,225.773264107532,4000,94
2015-07-21 12:08:28,GALILEO GALILEI WAY,Galileo Galilei Way,1437494908,42.36272647,-71.08982451,10,117.564796447754,84.2931060791016,206.010421549026,4000,94
2015-07-21 12:08:30,GALILEO GALILEI WAY,497 Main St,1437494910,42.362739443779,-71.0897505283356,9,79.4408569335938,46.1691627502441,263.07843940326,4000,94
2015-07-21 12:08:30,MAIN STREET,497 Main St,1437494910,42.362739443779,-71.0897505283356,9,123.026374816895,89.7546844482422,263.07843940326,4000,94
2015-07-21 12:08:33,MAIN STREET,497 Main St,1437494913,42.3627823591232,-71.0897076129913,10,109.348999023438,76.0773086547852,304.349197468923,4000,94
2015-07-21 12:08:38,MAIN STREET,497 Main St,1437494918,42.3628413677216,-71.0896646976471,9,122.348457336426,89.0767669677734,327.738889954455,4000,94
2015-07-21 12:08:38,MAIN STREET,Galileo Galilei Way,1437494918,42.3628413677216,-71.0896646976471,9,122.348457336426,89.0767669677734,327.738889954455,4000,94
2015-07-21 12:08:38,GALILEO GALILEI WAY,Galileo Galilei Way,1437494918,42.36284693,-71.08962412,8,122.348457336426,89.0767669677734,330.920562269138,4000,94
2015-07-21 12:08:38,GALILEO GALILEI WAY,Galileo Galilei Way,1437494918,42.36284693,-71.08962412,8,122.348457336426,89.0767669677734,330.920562269138,4000,94
2015-07-21 12:08:43,GALILEO GALILEI WAY,Galileo Galilei Way,1437494923,42.3628520965576,-71.0895413160324,7,123.14168548584,89.8699951171875,317.767841023152,4000,94
2015-07-21 12:08:48,GALILEO GALILEI WAY,Galileo Galilei Way,1437494928,42.3628252744675,-71.0894125699997,6,112.333518981934,79.0618286132813,245.749940644981,4000,94
2015-07-21 12:08:53,GALILEO GALILEI WAY,Galileo Galilei Way,1437494933,42.3627609014511,-71.0892570018768,5,121.583770751953,88.3120803833008,200.594769354283,4000,94
2015-07-21 12:08:58,GALILEO GALILEI WAY,Galileo Galilei Way,1437494938,42.3627126216888,-71.0891658067703,6,111.443183898926,78.1714935302734,191.706517118437,4000,94
2015-07-21 12:08:58,GALILEO GALILEI WAY,463 Main St,1437494938,42.3627126216888,-71.0891658067703,6,111.443183898926,78.1714935302734,191.706517118437,4000,94
2015-07-21 12:08:58,MAIN STREET,463 Main St,1437494938,42.3627126216888,-71.0891658067703,6,111.443183898926,78.1714935302734,191.706517118437,4000,94
2015-07-21 12:09:03,MAIN STREET,463 Main St,1437494943,42.3626697063446,-71.0891336202621,7,114.14200592041,80.8703155517578,187.562360881323,4000,94
2015-07-21 12:09:03,MAIN STREET,461 Main St,1437494943,42.3626697063446,-71.0891336202621,7,114.14200592041,80.8703155517578,187.562360881323,4000,94
2015-07-21 12:09:08,MAIN STREET,461 Main St,1437494948,42.3626053333282,-71.0890370607376,7,96.6905364990234,63.4188423156738,185.636257808076,4000,94
2015-07-21 12:09:08,MAIN STREET,444 Main St,1437494948,42.3626053333282,-71.0890370607376,7,96.6905364990234,63.4188423156738,185.636257808076,4000,94
2015-07-21 12:09:13,MAIN STREET,444 Main St,1437494953,42.362562417984,-71.0889673233032,8,86.4178314208984,53.1461448669434,185.180206431019,4000,94
2015-07-21 12:09:13,MAIN STREET,440 Main St,1437494953,42.362562417984,-71.0889673233032,8,86.4178314208984,53.1461448669434,185.180206431019,4000,94
2015-07-21 12:09:13,MAIN STREET,440 Main St,1437494953,42.362562417984,-71.0889673233032,8,86.4178314208984,53.1461448669434,185.180206431019,4000,94
2015-07-21 12:09:18,MAIN STREET,440 Main St,1437494958,42.3625463247299,-71.0888332128525,8,117.511306762695,84.239616394043,210.204574466345,4000,94
2015-07-21 12:09:18,MAIN STREET,438 Main St,1437494958,42.3625463247299,-71.0888332128525,8,117.511306762695,84.239616394043,210.204574466345,4000,94
2015-07-21 12:09:18,MAIN STREET,438 Main St,1437494958,42.3625463247299,-71.0888332128525,8,117.511306762695,84.239616394043,210.204574466345,4000,94
2015-07-21 12:09:23,MAIN STREET,438 Main St,1437494963,42.3625355958939,-71.0886561870575,7,136.752822875977,103.481132507324,274.897711544949,4000,94
2015-07-21 12:09:28,MAIN STREET,438 Main St,1437494968,42.362567782402,-71.0885220766068,6,138.324371337891,105.052673339844,325.242886806796,4000,94
2015-07-21 12:09:33,MAIN STREET,438 Main St,1437494973,42.3625731468201,-71.0884523391724,8,50.2597198486328,16.9880294799805,307.337791406682,4000,94
2015-07-21 12:09:38,MAIN STREET,438 Main St,1437494978,42.3626106977463,-71.0884147882462,8,77.5901870727539,44.3184967041016,329.15535071889,4000,94
2015-07-21 12:09:43,MAIN STREET,438 Main St,1437494983,42.3625946044922,-71.0883128643036,7,114.915771484375,81.6440811157227,270.630615959452,4000,94
2015-07-21 12:09:48,MAIN STREET,438 Main St,1437494988,42.3625785112381,-71.0882860422134,8,92.7304229736328,59.4587364196777,249.137856663783,4000,94
2015-07-21 12:09:53,MAIN STREET,438 Main St,1437494993,42.3625516891479,-71.0882163047791,6,94.2705993652344,60.998908996582,222.367245307848,4000,94
2015-07-21 12:09:58,MAIN STREET,438 Main St,1437494998,42.3624980449677,-71.0881304740906,6,113.027969360352,79.7562789916992,200.58088202398,4000,94
2015-07-21 12:10:03,MAIN STREET,438 Main St,1437495003,42.3624604940414,-71.0880553722382,7,127.557952880859,94.286262512207,194.22691043493,4000,94
2015-07-21 12:10:08,MAIN STREET,438 Main St,1437495008,42.3624390363693,-71.0879158973694,7,145.581970214844,112.310279846191,196.631883074879,4000,94
2015-07-21 12:10:13,MAIN STREET,438 Main St,1437495013,42.3624068498611,-71.0877603292465,7,141.084442138672,107.812744140625,200.165333854027,4000,94
2015-07-21 12:10:18,MAIN STREET,438 Main St,1437495018,42.3623961210251,-71.087658405304,8,136.815856933594,103.544158935547,211.332212061887,4000,94
2015-07-21 12:10:23,MAIN STREET,438 Main St,1437495023,42.3623961210251,-71.0875082015991,8,138.824127197266,105.552429199219,234.759028708105,4000,94
2015-07-21 12:10:28,MAIN STREET,438 Main St,1437495028,42.362374663353,-71.0874170064926,8,134.216567993164,100.944877624512,216.04359968951,4000,94
2015-07-21 12:10:33,MAIN STREET,438 Main St,1437495033,42.36234014,-71.08735469,8,124.217758178711,90.9460678100586,202.681074035282,4000,94
2015-07-21 12:10:38,MAIN STREET,438 Main St,1437495038,42.3622995615005,-71.0872828960419,7,133.939331054688,100.66764831543,194.903117630002,4000,94
2015-07-21 12:10:43,MAIN STREET,438 Main St,1437495043,42.36229818,-71.08715926,7,134.576873779297,101.30517578125,254.456746567563,4000,94
2015-07-21 12:10:48,MAIN STREET,438 Main St,1437495048,42.3623049259186,-71.0870790481567,6,127.775123596191,94.5034332275391,273.879181331553,4000,94
2015-07-21 12:10:53,MAIN STREET,438 Main St,1437495053,42.36228777,-71.08696997,11,126.695823669434,93.4241333007813,233.737578341227,4000,94
2015-07-21 12:10:58,MAIN STREET,438 Main St,1437495058,42.3622835,-71.08690328,11,123.512840270996,90.2411499023438,231.618182892108,4000,94
2015-07-21 12:11:03,MAIN STREET,438 Main St,1437495063,42.36225285,-71.08679351,11,108.394622802734,75.122932434082,221.120232176845,4000,94
2015-07-21 12:11:08,MAIN STREET,438 Main St,1437495068,42.36226943,-71.08669904,11,108.496688842773,75.2249984741211,273.987476327428,4000,94
2015-07-21 12:11:08,MAIN STREET,322 Main St,1437495068,42.36227166,-71.08664865,11,108.496688842773,75.2249984741211,283.482213842313,4000,94
2015-07-21 12:11:13,MAIN STREET,322 Main St,1437495073,42.36229419,-71.08652064,12,104.31275177002,71.0410614013672,318.706737811467,4000,94
2015-07-21 12:11:18,MAIN STREET,322 Main St,1437495078,42.3623210191727,-71.0864353179932,10,118.126266479492,84.8545761108398,332.637139380183,4000,94
2015-07-21 12:11:18,MAIN STREET,312 Main St,1437495078,42.3623210191727,-71.0864353179932,10,121.475135803223,88.2034454345703,332.637139380183,4000,94
2015-07-21 12:11:23,MAIN STREET,312 Main St,1437495083,42.3623317480087,-71.0863280296326,10,111.392539978027,78.120849609375,323.186841814648,4000,94
2015-07-21 12:11:28,MAIN STREET,312 Main St,1437495088,42.3624122142792,-71.0861885547638,10,64.5701675415039,31.2984752655029,345.122158516037,4000,94
2015-07-21 12:11:33,MAIN STREET,312 Main St,1437495093,42.3625355958939,-71.0860973596573,6,79.2870864868164,46.0153961181641,355.810796368817,4000,94
2015-07-21 12:11:38,MAIN STREET,312 Main St,1437495098,42.3626106977463,-71.0860329866409,6,81.9952392578125,48.7235527038574,356.887559835403,4000,94
2015-07-21 12:11:43,MAIN STREET,312 Main St,1437495103,42.3626214265823,-71.0859900712967,5,104.425262451172,71.1535720825195,354.901061323925,4000,94
2015-07-21 12:11:43,MAIN STREET,293 Main St,1437495103,42.3626214265823,-71.0859900712967,5,131.994049072266,98.7223663330078,354.901061323925,4000,94
2015-07-21 12:11:43,MAIN STREET,293 Main St,1437495103,42.3626214265823,-71.0859900712967,5,131.994049072266,98.7223663330078,354.901061323925,4000,94
2015-07-21 12:11:48,MAIN STREET,293 Main St,1437495108,42.3626267910004,-71.0859578847885,6,152.626892089844,119.355209350586,352.091486696549,4000,94
2015-07-21 12:11:48,MAIN STREET,291 Main St,1437495108,42.3626267910004,-71.0859578847885,6,179.927947998047,146.656265258789,352.091486696549,4000,94
2015-07-21 12:11:53,MAIN STREET,291 Main St,1437495113,42.3626160621643,-71.0858988761902,4,200.812652587891,167.540954589844,295.417868437951,4000,94
2015-07-21 12:11:58,MAIN STREET,291 Main St,1437495118,42.3626053333282,-71.0858237743378,5,25.6659545898438,352.394256591797,253.18550424151,4000,94
2015-07-21 12:12:03,MAIN STREET,291 Main St,1437495123,42.3626160621643,-71.0857915878296,5,80.8113632202148,47.5396728515625,277.804152725949,4000,94
2015-07-21 12:12:03,MAIN STREET,285 Main St,1437495123,42.3626160621643,-71.0857915878296,5,77.5047225952148,44.2330322265625,277.804152725949,4000,94
2015-07-21 12:12:03,MAIN STREET,285 Main St,1437495123,42.3626160621643,-71.0857915878296,5,77.5047225952148,44.2330322265625,277.804152725949,4000,94
2015-07-21 12:12:08,MAIN STREET,285 Main St,1437495128,42.3626267910004,-71.0857647657394,4,48.5635147094727,15.2918262481689,296.612263795315,4000,94
2015-07-21 12:12:13,MAIN STREET,285 Main St,1437495133,42.3626106977463,-71.0857915878296,5,273.276000976563,240.004302978516,356.295065570066,4000,94
2015-07-21 12:12:18,MAIN STREET,285 Main St,1437495138,42.3625838756561,-71.0858559608459,6,89.5745849609375,56.3028945922852,73.6808680878775,662.97,94
2015-07-21 12:12:23,MAIN STREET,285 Main St,1437495143,42.3626053333282,-71.0859256982803,6,317.418151855469,284.146453857422,46.6151439739777,4000,94
2015-07-21 12:12:23,MAIN STREET,289 Main St,1437495143,42.3626053333282,-71.0859256982803,6,327.020477294922,293.748779296875,46.6151439739777,4000,94
2015-07-21 12:12:28,MAIN STREET,289 Main St,1437495148,42.3626267910004,-71.0859364271164,6,339.113494873047,305.841796875,35.3111835036351,1185.8,94
2015-07-21 12:12:33,MAIN STREET,289 Main St,1437495153,42.3626267910004,-71.0859364271164,6,225.115997314453,191.844314575195,35.3111835036351,225.4,94
2015-07-21 12:12:38,MAIN STREET,289 Main St,1437495158,42.3626267910004,-71.0859364271164,6,228.983642578125,195.711944580078,35.3111835036351,133.28,94
2015-07-21 12:12:43,MAIN STREET,289 Main St,1437495163,42.3626267910004,-71.0859364271164,6,148.736785888672,115.465087890625,35.3111835036351,249.41,94
2015-07-21 12:12:48,MAIN STREET,289 Main St,1437495168,42.3626267910004,-71.0859364271164,6,164.745361328125,131.473663330078,35.3111835036351,170.765,94
2015-07-21 12:12:53,MAIN STREET,289 Main St,1437495173,42.3626267910004,-71.0859364271164,6,73.727294921875,40.4556007385254,35.3111835036351,3007.13,94
2015-07-21 12:12:58,MAIN STREET,289 Main St,1437495178,42.3626267910004,-71.0859364271164,6,217.374877929688,184.103179931641,35.3111835036351,833.735,94
2015-07-21 12:13:03,MAIN STREET,289 Main St,1437495183,42.3626267910004,-71.0859364271164,6,35.4020233154297,2.13033294677734,35.3111835036351,4000,94
2015-07-21 12:13:08,MAIN STREET,289 Main St,1437495188,42.3626267910004,-71.0859364271164,6,351.533111572266,318.261413574219,35.3111835036351,4000,94
2015-07-21 12:13:13,MAIN STREET,289 Main St,1437495193,42.3625731468201,-71.0859417915344,6,160.82633972168,127.554649353027,8.46681349870828,4000,94
2015-07-21 12:13:18,MAIN STREET,289 Main St,1437495198,42.36249753,-71.08589718,7,216.634429931641,183.362731933594,260.523976711957,4000,94
2015-07-21 12:13:23,MAIN STREET,289 Main St,1437495203,42.3624551296234,-71.0858827829361,5,203.460357666016,170.188659667969,225.697317113536,4000,94
2015-07-21 12:13:28,MAIN STREET,289 Main St,1437495208,42.3624122142792,-71.0858505964279,4,144.946884155273,111.675193786621,206.626656548401,4000,94
2015-07-21 12:13:33,MAIN STREET,289 Main St,1437495213,42.36241449,-71.08581643,4,156.211547851563,122.939865112305,235.875686205542,4000,94
2015-07-21 12:13:38,MAIN STREET,289 Main St,1437495218,42.3624229431152,-71.085689663887,4,103.632469177246,70.3607788085938,266.381276736126,4000,94
2015-07-21 12:13:43,MAIN STREET,289 Main St,1437495223,42.3624283075333,-71.0856145620346,4,122.929351806641,89.6576614379883,280.822323440112,4000,94
2015-07-21 12:13:43,MAIN STREET,277 Main St,1437495223,42.3624283075333,-71.0856145620346,4,122.929351806641,89.6576614379883,280.822323440112,4000,94
2015-07-21 12:13:48,MAIN STREET,277 Main St,1437495228,42.3624551296234,-71.0855180025101,5,86.1307983398438,52.8591117858887,309.8146442685,4000,94
2015-07-21 12:13:53,MAIN STREET,277 Main St,1437495233,42.36245166,-71.0854607,6,69.9897766113281,36.7180862426758,286.441481468723,3731.84,94
2015-07-21 12:13:58,MAIN STREET,277 Main St,1437495238,42.3624444007874,-71.0854911804199,10,108.130783081055,74.8590927124023,346.922472402801,3249.925,94
2015-07-21 12:14:03,MAIN STREET,277 Main St,1437495243,42.3624444007874,-71.0854911804199,10,80.8486938476563,47.5769996643066,346.922472402801,1137.78,94
2015-07-21 12:14:03,MAIN STREET,271 Main St,1437495243,42.3624444007874,-71.0854911804199,10,80.8486938476563,47.5769996643066,346.922472402801,912.38,94
2015-07-21 12:14:08,MAIN STREET,271 Main St,1437495248,42.3624444007874,-71.0854911804199,10,299.483337402344,266.211639404297,346.922472402801,321.195,92
2015-07-21 12:14:13,MAIN STREET,271 Main St,1437495253,42.3624444007874,-71.0854911804199,10,114.691421508789,81.4197311401367,346.922472402801,2142.525,92
2015-07-21 12:14:18,MAIN STREET,271 Main St,1437495258,42.3624444007874,-71.0854911804199,10,122.945503234863,89.6738128662109,346.922472402801,1852.2,92
